Absolute Time, HF [raw], HF [uV], Acc X [mg], Acc Y [mg], Acc Z [mg], Gyro X [mdps], Gyro Y [mdps], Gyro Z [mdps], SkinT [degC], AmbT [degC], HR [bpm], SPO2 [%], Conf [%]
14:53:40,0,50.781,-23.546,-8.662,997.106,350,-70,-70,22.95,21.41,0,0,0
14:54:40,0,-39.063,-695.705,352.58,387.167,30170,61810,-99750,23.83,23.38,0,0,0
14:55:40,0,46.875,-833.26,469.639,-60.024,-63700,-51870,-26530,23.81,23.38,0,0,0
14:56:40,0,548.828,-829.234,-534.848,319.945,-26460,-25760,8190,28.69,25.75,0,0,0
14:57:40,0,369.141,-718.458,-489.403,-505.568,-8750,1400,2030,32.35,28.23,0,0,0
14:58:40,0,294.922,-888.709,-457.439,-57.645,-1470,-3640,1190,32.67,29.82,0,0,0
14:59:40,0,255.859,-996.252,-240.035,-114.375,-20300,-29120,-10010,32.82,30.43,0,0,0
15:00:40,0,232.422,-757.559,-599.508,265.106,-28630,-770,2590,33.06,30.92,0,0,0
15:01:40,0,214.844,-820.45,-439.627,354.654,4060,-490,-560,33.2,31.24,0,0,0
15:02:40,0,199.219,-952.942,-279.014,72.285,-4130,-980,70,33.4,31.55,0,0,0
15:03:40,0,189.453,-729.987,-568.093,397.415,-1260,1540,350,33.52,31.78,0,0,0
15:04:40,0,195.313,-812.703,-516.121,243.512,280,140,420,33.68,32.02,0,0,0
15:05:40,0,175.781,-793.305,-496.601,355.142,-1820,1610,-1260,33.81,32.18,0,0,0
15:06:40,0,171.875,-775.188,-470.31,408.029,210,-2450,-1470,33.93,32.36,0,0,0
15:07:40,0,162.109,-822.036,-503.86,270.901,-13930,-8960,7910,34.02,32.5,0,0,0
15:08:40,0,156.25,-957.578,-224.663,68.808,-70,910,-770,34.11,32.65,0,0,0
15:09:40,0,154.297,-595.421,-626.165,452.864,3500,-3780,-700,34.21,32.76,0,0,0
15:10:40,0,150.391,-636.962,-552.233,525.881,0,210,280,34.31,32.89,0,0,0
15:11:40,0,146.484,-583.953,-568.825,558.76,-560,-1540,-490,34.37,32.97,0,0,0
15:12:40,0,146.484,-588.711,-557.357,579.988,70,280,210,34.44,33.04,0,0,0
15:13:40,0,142.578,-626.287,-570.228,510.204,-24010,18480,23450,34.48,33.11,0,0,0
15:14:40,0,146.484,-908.168,-418.338,-51.362,4130,-7490,-2100,34.53,33.18,0,0,0
15:15:40,0,140.625,-703.94,-600.972,349.591,350,-2380,70,34.57,33.23,0,0,0
15:16:40,0,136.719,-796.599,-468.724,388.875,-1960,-420,-2030,34.64,33.3,0,0,0
15:17:40,0,136.719,-891.82,-313.357,349.591,-1260,10430,3430,34.69,33.36,0,0,0
15:18:40,0,144.531,-851.926,-379.481,357.033,560,-560,0,34.71,33.4,0,0,0
15:19:40,0,134.766,-875.411,-354.776,321.226,0,-350,-210,34.71,33.43,0,0,0
15:20:40,0,134.766,-736.27,-441.091,486.414,-2310,-1680,840,34.75,33.47,0,0,0
15:21:40,0,134.766,-964.837,-252.235,78.812,-420,-700,-210,34.77,33.5,0,0,0
15:22:40,0,130.859,-740.052,-542.168,383.202,-2310,-630,210,34.8,33.54,0,0,0
15:23:40,0,128.906,-692.777,-573.4,414.678,350,-70,350,34.82,33.57,0,0,0
15:24:40,0,128.906,-836.737,-501.176,213.012,2380,980,420,34.87,33.6,0,0,0
15:25:40,0,126.953,-787.205,-591.212,246.806,1960,8610,2170,34.91,33.62,0,0,0
15:26:40,0,130.859,-804.651,-475.007,330.376,-4620,14210,-6930,34.95,33.67,0,0,0
15:27:40,0,128.906,-834.785,-550.586,46.482,280,-350,-280,34.96,33.7,0,0,0
15:28:40,0,125,-916.159,-389.912,48.373,140,-140,-350,34.98,33.75,0,0,0
15:29:40,0,125,-867.237,-468.541,109.068,32900,51590,4410,35.02,33.79,0,0,0
15:30:40,0,121.094,-825.025,-512.156,218.99,-280,-280,-70,35.07,33.84,0,0,0
15:31:40,0,121.094,-800.32,-562.603,212.646,140,140,-350,35.09,33.87,0,0,0
15:32:40,0,119.141,-736.636,-359.961,563.64,140,280,-280,35.09,33.89,0,0,0
15:33:40,0,119.141,-904.874,-409.005,-104.31,0,8890,1820,35.09,33.9,0,0,0
15:34:40,0,121.094,-808.189,-410.286,415.593,-70,-70,-280,35.09,33.9,0,0,0
15:35:40,0,119.141,-812.52,-402.661,420.412,-17220,27230,700,35.08,33.91,0,0,0
15:36:40,0,119.141,-778.604,-338.062,506.788,8470,-2590,-3150,35.08,33.91,0,0,0
15:37:40,0,119.141,-853.512,-507.703,-81.618,1190,630,-700,35.09,33.91,0,0,0
15:38:40,0,117.188,-815.753,-548.024,118.218,-2940,910,350,35.1,33.92,0,0,0
15:39:40,0,117.188,-713.7,-435.845,539.728,350,210,0,35.11,33.93,0,0,0
15:40:40,0,117.188,-930.372,-217.282,292.129,-280,420,490,35.13,33.94,0,0,0
15:41:40,0,117.188,-777.14,-198.433,589.565,350,-2170,770,35.15,33.94,0,0,0
15:42:40,0,115.234,-700.158,-302.194,645.563,140,2030,560,35.14,33.95,0,0,0
15:43:40,0,117.188,-888.16,-460.245,121.878,3150,70,0,35.12,33.95,0,0,0
15:44:40,0,117.188,-856.44,-521.367,84.485,560,-2100,3360,35.13,33.96,0,0,0
15:45:40,0,119.141,-766.099,-398.696,483.791,-210,-770,0,35.15,33.96,0,0,0
15:46:40,0,121.094,-723.765,-354.471,591.822,-70,-210,-1260,35.14,33.96,0,0,0
15:47:40,0,117.188,-857.294,-464.515,-156.526,-280,2730,-770,35.13,33.96,0,0,0
15:48:40,0,121.094,-892.125,-399.001,-198.677,-630,-980,840,35.13,33.95,0,0,0
15:49:40,0,130.859,-761.28,-339.16,556.93,-1050,-350,-840,35.13,33.95,0,0,0
15:50:40,0,119.141,-863.333,-429.257,238.51,280,420,-350,35.13,33.95,0,0,0
15:51:40,0,119.141,-793.427,-341.661,494.954,-1610,490,-1190,35.11,33.95,0,0,0
15:52:40,0,113.281,-822.524,-481.656,-212.951,1680,2660,-280,35.11,33.96,0,0,0
15:53:40,0,119.141,-860.161,-486.719,127.856,70,70,280,35.13,33.96,0,0,0
15:54:40,0,123.047,-815.997,-397.781,403.21,-210,70,-420,35.13,33.97,0,0,0
15:55:40,0,123.047,-868.579,-510.692,510.387,-23660,-12320,9310,35.12,33.96,0,0,0
15:56:40,0,119.141,-864.736,-426.695,284.26,-1960,-1120,350,35.13,33.95,0,0,0
15:57:40,0,117.188,-893.711,-438.773,105.103,-350,-280,140,35.12,33.94,0,0,0
15:58:40,0,121.094,-896.639,-426.146,105.591,1960,210,-140,35.11,33.92,0,0,0
15:59:40,0,121.094,-932.934,-456.097,151.585,3500,-1330,70,35.11,33.9,0,0,0
16:00:40,0,125,-849.852,-383.202,357.338,2030,700,70,35.07,33.89,0,0,0
16:01:40,0,119.141,-857.233,-349.469,388.753,1540,770,420,35.09,33.88,0,0,0
16:02:40,0,121.094,-644.038,-281.576,360.388,-31640,14700,-3430,35.06,33.88,0,0,0
16:03:40,0,117.188,-713.212,-453.718,-558.638,-8610,3570,-4340,35.02,33.86,0,0,0
16:04:40,0,121.094,-988.139,-475.007,305.488,23380,-29610,-4340,35.03,33.85,0,0,0
16:05:40,0,121.094,-906.765,-330.01,253.028,1890,-1540,1890,35.02,33.82,0,0,0
16:06:40,0,125,-931.043,-355.447,-124.196,2800,70,700,35,33.77,0,0,0
16:07:40,0,128.906,-935.923,-368.806,-52.582,2730,770,420,34.98,33.74,0,0,0
16:08:40,0,125,-928.298,-353.617,-106.689,-140,-280,-210,34.96,33.73,0,0,0
16:09:40,0,125,-934.947,-371.429,-42.456,-140,140,0,34.96,33.74,0,0,0
16:10:40,0,121.094,-928.176,-373.137,-18.544,350,-490,70,34.97,33.75,0,0,0
16:11:40,0,115.234,-928.42,-366.61,32.208,-1120,280,910,34.95,33.76,0,0,0
16:12:40,0,113.281,-923.113,-265.35,-345.443,6580,4480,-70,34.95,33.78,0,0,0
16:13:40,0,111.328,-922.32,-358.985,-35.929,420,210,-3990,34.97,33.8,0,0,0
16:14:40,0,109.375,-932.69,-343.552,-149.938,-350,-140,70,34.96,33.82,0,0,0
16:15:40,0,107.422,-734.806,-122.061,670.085,-1960,980,-700,34.94,33.84,0,0,0
16:16:40,0,105.469,-775.798,-125.66,610.366,-490,1120,70,34.98,33.87,0,0,0
16:17:40,0,105.469,-776.347,-96.136,620.858,420,-350,-70,35,33.88,0,0,0
16:18:40,0,105.469,-767.746,-87.352,624.213,-1050,700,-70,34.99,33.88,0,0,0
16:19:40,0,107.422,-760.67,-86.559,633.302,630,-70,140,35,33.88,0,0,0
16:20:40,0,109.375,-745.725,-108.641,650.138,-210,-70,-70,34.96,33.86,0,0,0
16:21:40,0,107.422,-763.842,-106.384,627.324,1330,-560,70,34.97,33.85,0,0,0
16:22:40,0,109.375,-760.182,-111.203,640.561,490,-140,-140,34.97,33.83,0,0,0
16:23:40,0,109.375,-764.391,-114.558,636.84,140,70,-210,34.94,33.81,0,0,0
16:24:40,0,111.328,-697.779,-377.407,598.41,210,0,-140,34.92,33.8,0,0,0
16:25:40,0,109.375,-676.429,-356.057,637.816,420,70,140,34.87,33.8,0,0,0
16:26:40,0,109.375,-700.219,-346.114,620.004,-70,-350,280,34.89,33.8,0,0,0
16:27:40,0,111.328,-781.532,-137.311,605.73,70,-420,0,34.92,33.8,0,0,0
16:28:40,0,109.375,-785.436,-141.947,594.933,1470,980,-840,34.92,33.8,0,0,0
16:29:40,0,107.422,-787.266,-141.276,591.395,0,70,210,34.94,33.8,0,0,0
16:30:40,0,105.469,-786.107,-193.37,574.01,0,70,-140,34.94,33.81,0,0,0
16:31:40,0,105.469,-777.994,-194.529,592.066,490,70,0,34.92,33.81,0,0,0
16:32:40,0,107.422,-717.238,-205.448,658.007,0,-280,-140,34.92,33.8,0,0,0
16:33:40,0,105.469,-749.629,-223.077,622.2,490,350,-70,34.93,33.8,0,0,0
16:34:40,0,107.422,-707.539,-200.812,669.109,1540,-140,-840,34.92,33.8,0,0,0
16:35:40,0,107.422,-701.195,-208.315,677.405,-210,-70,420,34.92,33.8,0,0,0
16:36:40,0,109.375,-739.93,-135.603,673.196,-630,630,0,34.9,33.79,0,0,0
16:37:40,0,111.328,-726.388,-115.9,674.721,910,-140,-70,34.88,33.78,0,0,0
16:38:40,0,109.375,-713.151,-131.943,685.03,560,-140,-210,34.9,33.77,0,0,0
16:39:40,0,111.328,-693.57,-134.078,694.302,1400,490,70,34.88,33.76,0,0,0
16:40:40,0,111.328,-692.533,-133.956,704.306,560,-1050,-140,34.9,33.76,0,0,0
16:41:40,0,113.281,-689.117,-167.384,692.228,210,70,-70,34.9,33.75,0,0,0
16:42:40,0,113.281,-691.862,-140.422,697.901,910,280,-210,34.87,33.74,0,0,0
16:43:40,0,113.281,-697.047,-191.906,680.943,350,-210,-210,34.87,33.73,0,0,0
16:44:40,0,113.281,-697.962,-163.785,693.814,0,70,0,34.84,33.73,0,0,0
16:45:40,0,113.281,-750.239,-117.608,643.672,1610,-1050,1330,34.88,33.73,0,0,0
16:46:40,0,113.281,-730.231,-89.487,670.512,420,-140,-210,34.9,33.73,0,0,0
16:47:40,0,113.281,-782.02,-87.84,571.692,4760,840,-4550,34.9,33.73,0,0,0
16:48:40,0,111.328,-749.019,-113.399,641.11,-140,0,-70,34.89,33.73,0,0,0
16:49:40,0,109.375,-711.87,-95.282,687.714,280,-420,70,34.87,33.75,0,0,0
16:50:40,0,107.422,-655.201,-249.673,710.711,700,-210,-630,34.88,33.77,0,0,0
16:51:40,0,111.328,-663.68,-272.609,681.187,70,210,210,34.89,33.78,0,0,0
16:52:40,0,109.375,-670.695,-268.949,688.751,-70,70,-70,34.88,33.78,0,0,0
16:53:40,0,105.469,-718.519,-194.102,651.297,-2100,-420,-420,34.89,33.8,0,0,0
16:54:40,0,105.469,-707.112,-207.583,673.44,630,-280,-420,34.9,33.82,0,0,0
16:55:40,0,103.516,-724.619,-87.718,680.211,-70,350,140,34.91,33.83,0,0,0
16:56:40,0,103.516,-795.318,-22.265,610.183,560,0,350,34.92,33.85,0,0,0
16:57:40,0,101.563,-792.573,-47.885,613.05,-140,-280,-140,34.91,33.85,0,0,0
16:58:40,0,101.563,-774.639,-186.416,601.338,-210,-70,140,34.91,33.84,0,0,0
16:59:40,0,101.563,-704.55,-110.105,693.692,-70,-350,-210,34.9,33.84,0,0,0
17:00:40,0,103.516,-722.545,-148.108,675.636,630,210,-490,34.86,33.83,0,0,0
17:01:40,0,101.563,-637.45,-214.903,772.687,15470,18760,5390,34.87,33.83,0,0,0
17:02:40,0,103.516,-936.106,-359.9,27.755,-1890,280,420,34.9,33.83,0,0,0
17:03:40,0,105.469,-955.931,-282.552,-105.469,-140,-280,-70,34.91,33.83,0,0,0
17:04:40,0,101.563,-962.824,-299.144,-34.099,1400,-420,-350,34.92,33.85,0,0,0
17:05:40,0,103.516,-933.117,-338.245,-142.374,2450,-1120,280,34.94,33.85,0,0,0
17:06:40,0,103.516,-933.971,-358.619,-98.576,560,-350,280,34.95,33.86,0,0,0
17:07:40,0,101.563,-873.337,-416.935,103.334,7980,-10920,1260,34.96,33.88,0,0,0
17:08:40,0,103.516,-901.336,-339.526,274.256,-210,-980,1750,34.95,33.89,0,0,0
17:09:40,0,103.516,-884.622,-320.372,328.851,-910,-1400,210,34.96,33.89,0,0,0
17:10:40,0,107.422,-872.483,-352.519,342.759,210,490,350,34.97,33.88,0,0,0
17:11:40,0,109.375,-910.425,-346.785,230.275,-210,70,420,34.96,33.86,0,0,0
17:12:40,0,113.281,-899.75,-344.528,263.093,1120,280,140,34.97,33.85,0,0,0
17:13:40,0,111.328,-897.432,-357.765,282.43,490,700,350,34.96,33.83,0,0,0
17:14:40,0,111.328,-919.27,-352.885,170.312,-840,140,-280,34.97,33.82,0,0,0
17:15:40,0,113.281,-944.768,-322.751,61.732,560,-210,0,34.96,33.81,0,0,0
17:16:40,0,111.328,-775.859,-622.566,-75.091,4550,1260,420,34.95,33.8,0,0,0
17:17:40,0,109.375,-909.144,-409.249,-81.496,-3080,1750,1890,34.95,33.81,0,0,0
17:18:40,0,107.422,-925.919,-371.185,-13.908,-910,1260,-350,34.96,33.83,0,0,0
17:19:40,0,107.422,-910.852,-403.942,96.441,-12810,-12180,1610,34.96,33.84,0,0,0
17:20:40,0,107.422,-680.15,-315.858,330.681,3780,-1750,-11340,34.96,33.86,0,0,0
17:21:40,0,109.375,-860.832,-379.359,322.873,6090,700,-2240,34.95,33.85,0,0,0
17:22:40,0,113.281,-749.751,-607.865,211.487,-8890,-25270,31640,34.93,33.83,0,0,0
17:23:40,0,117.188,-641.659,-407.846,322.446,-16450,-18900,17500,34.95,33.81,0,0,0
17:24:40,0,130.859,-1099.098,-355.569,521.245,140,-5740,-16730,34.93,33.75,0,0,0
17:25:40,0,132.813,-808.189,-547.414,363.072,19250,18550,-18830,34.91,33.65,0,0,0
17:26:40,0,146.484,-735.965,-399.245,-36.295,-3570,6230,9940,34.86,33.51,0,0,0
17:27:40,0,189.453,-769.82,-363.194,421.815,-4970,2100,-1330,34.8,33.39,0,0,0
17:28:40,0,203.125,-767.075,-303.963,563.762,-1960,-13160,-5250,34.71,33.22,0,0,0
17:29:40,0,208.984,-731.207,-374.967,574.071,-6860,560,-3780,34.66,33.09,0,0,0
17:30:40,0,203.125,-640.378,-244.061,743.956,1050,2870,2660,34.61,33.03,0,0,0
17:31:40,0,205.078,-648.186,-172.996,721.203,-1260,-1470,-70,34.57,33.01,0,0,0
17:32:40,0,197.266,-754.875,-352.397,679.967,1190,-1820,-1960,34.54,33.01,0,0,0
17:33:40,0,195.313,-835.761,-237.168,646.173,1260,-2590,1610,34.55,33.02,0,0,0
17:34:40,0,191.406,-706.99,-336.11,540.521,-420,1190,-770,34.55,33.05,0,0,0
17:35:40,0,187.5,-748.897,-280.722,646.295,0,4270,560,34.54,33.07,0,0,0
17:36:40,0,183.594,-752.984,-350.628,683.932,3710,-8890,-70,34.55,33.1,0,0,0
17:37:40,0,183.594,-699.365,-288.957,635.925,-770,3640,840,34.54,33.13,0,0,0
17:38:40,0,179.688,-662.582,-359.107,803.736,-4200,-840,-1750,34.55,33.16,0,0,0
17:39:40,0,175.781,-726.571,-369.66,626.653,-2450,-2730,-490,34.59,33.19,0,0,0
17:40:40,0,175.781,-751.581,-268.217,658.251,-1330,-1260,1680,34.61,33.22,0,0,0
17:41:40,0,171.875,-882.182,-116.632,410.652,-1750,3920,1540,34.6,33.24,0,0,0
17:42:40,0,166.016,-672.22,-353.251,585.051,3990,-280,-1470,34.6,33.27,0,0,0
17:43:40,0,166.016,-724.131,-351.055,635.132,-1400,-4480,-910,34.62,33.29,0,0,0
17:44:40,0,167.969,-697.596,-363.011,693.143,-6930,-1890,-1050,34.64,33.32,0,0,0
17:45:40,0,164.063,-761.158,-320.921,606.523,-2940,-5320,210,34.64,33.35,0,0,0
17:46:40,0,158.203,-738.222,-344.589,631.289,-2310,2170,-1050,34.68,33.38,0,0,0
17:47:40,0,156.25,-707.478,-295.484,578.89,840,-2240,-210,34.71,33.41,0,0,0
17:48:40,0,156.25,-674.538,-325.984,701.134,-980,-3640,-2030,34.73,33.44,0,0,0
17:49:40,0,154.297,-674.294,-262.544,692.777,-1540,-2590,-1050,34.74,33.46,0,0,0
17:50:40,0,152.344,-658.068,-157.441,649.833,1820,-490,3150,34.74,33.49,0,0,0
17:51:40,0,150.391,-757.742,-212.707,718.702,9100,7350,4340,34.73,33.52,0,0,0
17:52:40,0,125,-835.822,-539.057,153.415,32830,5950,-13440,34.8,33.55,0,0,0
17:53:40,0,123.047,-1141.798,-440.115,124.989,42140,-29680,210,34.83,33.59,0,0,0
17:54:40,0,126.953,-848.449,-487.207,201.239,5950,-1330,-2940,34.81,33.6,0,0,0
17:55:40,0,132.813,-913.109,-339.709,237.107,-4550,-2030,-3220,34.8,33.56,0,0,0
17:56:40,0,138.672,-819.474,-398.696,401.136,1540,70,70,34.76,33.49,0,0,0
17:57:40,0,144.531,-748.836,-476.898,448.35,-5040,-2730,4900,34.74,33.44,0,0,0
17:58:40,0,146.484,-752.801,-476.288,259.311,-8470,-11690,6090,34.69,33.38,0,0,0
17:59:40,0,150.391,-811.849,-537.227,284.382,14770,-7840,-630,34.66,33.32,0,0,0
18:00:40,0,150.391,-841.922,-367.708,387.167,0,210,560,34.65,33.26,0,0,0
18:01:40,0,156.25,-941.352,-296.338,26.108,-4620,280,7070,34.63,33.21,0,0,0
18:02:40,0,152.344,-113.948,-605.059,-782.081,-9450,-210,-3430,34.58,33.15,0,0,0
18:03:40,0,152.344,-858.026,-483.12,127.063,2310,-560,-140,34.53,33.12,0,0,0
18:04:40,0,154.297,-838.811,-416.63,355.386,-12880,-5320,6510,34.48,33.07,0,0,0
18:05:40,0,158.203,-1014.308,-451.156,283.65,-5250,-40040,6230,34.43,33.04,0,0,0
18:06:40,0,154.297,-789.706,-454.999,437.553,-11340,-5040,840,34.44,33.02,0,0,0
18:07:40,0,152.344,-759.145,-551.501,260.104,-11410,-6300,4550,34.42,33,0,0,0
18:08:40,0,150.391,-789.828,-566.08,-406.87,26670,-11060,-8260,34.37,32.98,0,0,0
18:09:40,0,150.391,-834.785,-413.885,333.792,-3780,-3780,4270,34.4,32.98,0,0,0
18:10:40,0,150.391,-796.477,-365.268,467.26,-2310,-1680,-560,34.4,32.98,0,0,0
18:11:40,0,150.391,-828.563,-462.624,300.669,-2380,-70,-560,34.37,32.97,0,0,0
18:12:40,0,150.391,-899.201,-423.95,-144.936,490,-560,70,34.35,32.96,0,0,0
18:13:40,0,146.484,-906.033,-415.349,-75.457,3150,700,-140,34.35,32.97,0,0,0
18:14:40,0,144.531,-1103.002,-536.495,404.735,18900,-8890,-7630,34.37,32.99,0,0,0
18:15:40,0,140.625,-815.631,-460.123,135.359,89880,74060,-31500,34.36,33,0,0,0
18:16:40,0,144.531,-813.618,-325.435,486.78,840,1470,560,34.37,33.01,0,0,0
18:17:40,0,148.438,-1017.785,-272.426,253.333,-64610,-24640,37800,34.41,33,0,0,0
18:18:40,0,150.391,-847.473,-402.295,323.91,-6580,-490,-3150,34.38,32.97,0,0,0
18:19:40,0,152.344,-854.915,-386.923,353.129,280,210,0,34.37,32.94,0,0,0
18:20:40,0,154.297,-868.213,-283.772,413.275,-15960,-1470,-3360,34.35,32.92,0,0,0
18:21:40,0,154.297,-788.242,-441.396,426.695,3640,2380,3150,34.32,32.89,0,0,0
18:22:40,0,156.25,-919.331,-632.875,328.119,1400,140,7140,34.31,32.87,0,0,0
18:23:40,0,158.203,-840.153,-349.408,354.166,-26530,-5670,8120,34.29,32.84,0,0,0
18:24:40,0,158.203,-877.241,-493.002,100.955,1190,-1960,-3430,34.28,32.8,0,0,0
18:25:40,0,158.203,-866.383,-445.117,211.243,1400,280,350,34.26,32.79,0,0,0
18:26:40,0,154.297,-832.101,-549.305,-28.243,2730,1050,490,34.27,32.81,0,0,0
18:27:40,0,152.344,-874.435,-483.364,16.348,-210,420,-1400,34.27,32.84,0,0,0
18:28:40,0,148.438,-828.075,-532.469,-54.595,280,-560,2380,34.28,32.87,0,0,0
18:29:40,0,144.531,-838.811,-549.122,-85.156,2870,-2380,420,34.31,32.89,0,0,0
18:30:40,0,142.578,-855.22,-515.45,26.901,280,2730,-770,34.31,32.93,0,0,0
18:31:40,0,136.719,-854.305,-510.753,7.137,560,490,-70,34.3,32.97,0,0,0
18:32:40,0,136.719,-811.91,-627.141,-10.675,-1050,-1680,140,34.31,33,0,0,0
18:33:40,0,134.766,-792.573,-571.387,-190.015,-2170,980,-840,34.32,33.02,0,0,0
18:34:40,0,130.859,-789.889,-601.765,-13.725,910,-630,-70,34.32,33.05,0,0,0
18:35:40,0,128.906,-803.553,-571.997,79.483,-4270,-420,700,34.33,33.08,0,0,0
18:36:40,0,128.906,-803.736,-603.107,-47.824,-2030,1120,-1120,34.35,33.12,0,0,0
18:37:40,0,123.047,-778.726,-613.965,-69.479,2030,-490,-70,34.35,33.14,0,0,0
18:38:40,0,121.094,-794.891,-596.946,-67.344,1890,0,420,34.36,33.18,0,0,0
18:39:40,0,117.188,-768.173,-632.692,-37.759,-1470,420,140,34.37,33.22,0,0,0
18:40:40,0,115.234,-777.811,-616.893,-52.948,630,-560,70,34.41,33.26,0,0,0
18:41:40,0,113.281,-787.754,-607.743,-49.837,-770,-140,-840,34.42,33.29,0,0,0
18:42:40,0,111.328,-791.902,-603.717,-54.107,-490,280,-140,34.42,33.32,0,0,0
18:43:40,0,107.422,-789.218,-614.148,-41.297,1470,-770,490,34.46,33.35,0,0,0
18:44:40,0,109.375,-789.279,-603.168,-43.92,840,-1120,-70,34.48,33.38,0,0,0
18:45:40,0,105.469,-806.42,-596.275,-38.369,140,1120,-770,34.48,33.4,0,0,0
18:46:40,0,103.516,-811.971,-584.197,-40.26,-1540,350,-700,34.51,33.43,0,0,0
18:47:40,0,105.469,-814.106,-585.417,-22.265,-350,0,0,34.54,33.45,0,0,0
18:48:40,0,105.469,-809.653,-589.443,-17.446,-280,280,-140,34.53,33.47,0,0,0
18:49:40,0,103.516,-810.202,-577.609,41.968,1190,280,-350,34.55,33.49,0,0,0
18:50:40,0,101.563,-803.98,-583.526,21.777,-1050,-560,140,34.59,33.5,0,0,0
18:51:40,0,107.422,-783.911,-384.91,467.809,-420,280,-1750,34.57,33.52,0,0,0
18:52:40,0,107.422,-775.676,-395.097,482.51,-140,-490,-70,34.6,33.53,0,0,0
18:53:40,0,109.375,-795.44,-348.554,475.251,-350,-840,-280,34.64,33.53,0,0,0
18:54:40,0,113.281,-804.041,-323.849,480.741,-560,-3080,490,34.64,33.52,0,0,0
18:55:40,0,115.234,-803.675,-306.037,502.457,-70,-280,-70,34.65,33.5,0,0,0
18:56:40,0,119.141,-808.067,-312.137,497.577,-280,70,0,34.64,33.49,0,0,0
18:57:40,0,121.094,-795.562,-329.644,493.246,-140,-140,-210,34.67,33.48,0,0,0
18:58:40,0,123.047,-801.723,-325.862,503.616,700,210,-280,34.69,33.47,0,0,0
18:59:40,0,125,-799.527,-300.974,512.827,-490,140,-280,34.71,33.45,0,0,0
19:00:40,0,125,-802.089,-314.76,508.984,210,-280,-140,34.68,33.45,0,0,0
19:01:40,0,126.953,-797.575,-302.194,516.67,140,-350,0,34.69,33.44,0,0,0
19:02:40,0,128.906,-797.514,-311.649,511.485,630,-490,-140,34.71,33.43,0,0,0
19:03:40,0,128.906,-798.307,-326.594,486.597,-700,-840,-280,34.7,33.43,0,0,0
19:04:40,0,126.953,-849.547,-257.481,457.256,560,840,420,34.71,33.43,0,0,0
19:05:40,0,126.953,-840.763,-247.416,469.7,140,630,210,34.72,33.44,0,0,0
19:06:40,0,167.969,-833.87,-275.415,489.769,840,-490,-770,34.71,33.45,0,0,0
19:07:40,0,128.906,-805.261,-303.17,499.468,280,-70,70,34.68,33.45,0,0,0
19:08:40,0,121.094,-798.368,-272.182,526.491,280,490,140,34.68,33.47,0,0,0
19:09:40,0,121.094,-799.527,-250.954,540.46,2240,210,70,34.7,33.52,0,0,0
19:10:40,0,121.094,-804.285,-258.213,536.434,1050,-490,1190,34.73,33.56,0,0,0
19:11:40,0,119.141,-798.673,-270.901,534.726,630,-280,-140,34.74,33.58,0,0,0
19:12:40,0,126.953,-819.169,-260.592,513.193,1050,490,-140,34.76,33.59,0,0,0
19:13:40,0,121.094,-794.159,-283.04,530.883,2660,420,-140,34.81,33.6,0,0,0
19:14:40,0,119.141,-780.19,-297.253,545.462,630,420,-210,34.8,33.62,0,0,0
19:15:40,0,119.141,-743.224,-253.76,610.366,3710,350,-280,34.79,33.64,0,0,0
19:16:40,0,119.141,-782.874,-160.918,589.809,-840,280,560,34.83,33.66,0,0,0
19:17:40,0,121.094,-792.39,-186.355,586.332,1260,-2170,700,34.88,33.67,0,0,0
19:18:40,0,121.094,-788.73,-184.83,573.217,1610,-560,140,34.91,33.67,0,0,0
19:19:40,0,121.094,-720.593,-226.92,664.107,490,-2660,420,34.91,33.69,0,0,0
19:20:40,0,117.188,-743.895,-239.059,625.372,4480,2100,420,34.92,33.7,0,0,0
19:21:40,0,115.234,-731.024,-237.107,630.496,630,-420,0,34.9,33.72,0,0,0
19:22:40,0,117.188,-912.926,-372.1,163.236,2240,420,140,34.89,33.72,0,0,0
19:23:40,0,119.141,-810.141,-589.626,117.608,-8400,-2520,3430,34.91,33.72,0,0,0
19:24:40,0,31.25,8.784,0.427,-999.302,280,-140,-70,33.83,33.56,0,0,0
19:25:40,0,-68.359,8.601,4.819,-1001.62,420,-210,-70,31.73,32.51,0,0,0
19:26:40,0,-66.406,6.527,3.843,-1001.132,210,-280,-70,29.6,30.42,0,0,0
19:27:40,0,-54.688,9.76,4.514,-998.692,350,-140,0,28.32,28.95,0,0,0
19:28:40,0,-48.828,9.394,4.758,-1002.108,210,-210,0,26.94,27.44,0,0,0
19:29:40,0,-35.156,9.089,1.952,-998.936,210,-280,-70,26.1,26.46,0,0,0
19:30:40,0,-31.25,8.174,4.209,-1002.23,280,-70,-70,25.25,25.49,0,0,0
19:31:40,0,-27.344,2.257,2.501,-1002.169,140,-280,70,24.68,24.86,0,0,0
19:32:40,0,-23.438,5.856,4.27,-1000.461,350,-280,0,24.14,24.22,0,0,0
19:33:40,0,-19.531,3.965,0.671,-998.448,210,-280,-70,23.85,23.83,0,0,0
19:34:40,0,-15.625,6.893,2.928,-1001.01,210,-210,-70,23.53,23.44,0,0,0
19:35:40,0,-15.625,8.418,4.087,-998.082,350,-280,-140,23.3,23.18,0,0,0
19:36:40,0,-11.719,7.93,0,-1001.193,140,-280,0,23.06,22.91,0,0,0
19:37:40,0,-13.672,6.588,5.185,-998.143,280,-210,0,22.92,22.74,0,0,0
19:38:40,0,-9.766,5.185,2.562,-1000.034,210,-280,70,22.78,22.56,0,0,0
19:39:40,0,-9.766,0.549,1.464,-1001.986,280,-280,-70,22.66,22.45,0,0,0
19:40:40,0,-5.859,6.039,1.403,-1000.4,280,-210,0,22.56,22.32,0,0,0
19:41:40,0,-5.859,5.002,2.379,-1000.949,420,-280,-70,22.51,22.25,0,0,0
19:42:40,0,-7.813,5.856,0.244,-999.973,140,-280,0,22.42,22.16,0,0,0
19:43:40,0,-5.859,7.991,0.793,-1001.925,280,-280,-70,22.36,22.09,0,0,0
19:44:40,0,-5.859,4.27,4.209,-1000.156,350,-210,-70,22.32,22.04,0,0,0
19:45:40,0,-1.953,6.649,2.745,-996.557,350,-280,0,22.31,22.01,0,0,0
19:46:40,0,0,6.588,-0.244,-998.326,140,-210,70,22.26,21.98,0,0,0
19:47:40,0,-1.953,7.564,0.976,-1001.376,140,-350,-70,22.23,21.96,0,0,0
19:48:40,0,0,4.636,4.209,-997.045,350,-210,0,22.25,21.94,0,0,0
19:49:40,0,0,-0.793,4.392,-1000.583,210,-210,0,22.28,21.94,0,0,0
19:50:40,0,419.922,-866.749,-426.939,-104.371,-15610,-1400,-26530,25.64,22.81,0,0,0
19:51:40,0,160.156,4.453,26.779,-1003.877,280,-210,-70,27.54,24.47,0,0,0
19:52:40,0,443.359,-936.289,-156.953,245.952,21840,7840,8120,29.08,26.53,0,0,0
19:53:40,0,312.5,-966.728,-259.189,-95.099,-140,70,-350,31.4,27.99,0,0,0
19:54:40,0,255.859,-989.359,-148.413,-27.267,-420,840,210,31.82,29.41,0,0,0
19:55:40,0,234.375,-989.786,-155.977,-102.541,-210,280,0,32.12,29.99,0,0,0
19:56:40,0,228.516,-1000.034,-163.785,-48.373,210,-280,-210,32.45,30.4,0,0,0
19:57:40,0,222.656,-930.433,-87.84,361.669,3920,4690,7000,32.64,30.64,0,0,0
19:58:40,0,216.797,-877.18,-96.136,472.201,2100,-210,140,32.82,30.84,0,0,0
19:59:40,0,214.844,-862.723,-82.289,501.664,140,490,-70,32.91,30.96,0,0,0
20:00:40,0,216.797,-851.56,-65.575,517.585,770,420,-70,33,31.04,0,0,0
20:01:40,0,218.75,-859.246,-78.141,503.738,-840,-700,-70,33.05,31.07,0,0,0
20:02:40,0,218.75,-942.633,-51.911,361.547,1050,-140,350,33.06,31.07,0,0,0
20:03:40,0,218.75,-912.011,-49.959,377.59,3290,3710,3850,33.07,31.07,0,0,0
20:04:40,0,214.844,-959.286,-26.596,303.048,3570,-420,0,33.08,31.06,0,0,0
20:05:40,0,214.844,-954.528,-64.172,308.782,630,0,-700,33.06,31.07,0,0,0
20:06:40,0,212.891,-925.126,-26.352,372.954,140,-980,0,33.07,31.1,0,0,0
20:07:40,0,214.844,-912.255,-13.603,410.469,0,630,-70,33.09,31.12,0,0,0
20:08:40,0,212.891,-896.273,-13.176,460.611,70,140,0,33.1,31.13,0,0,0
20:09:40,0,214.844,-916.464,-55.449,391.864,70,560,700,33.08,31.14,0,0,0
20:10:40,0,216.797,-914.451,-51.545,420.717,1540,-840,-70,33.08,31.14,0,0,0
20:11:40,0,216.797,-916.098,-51.606,403.088,560,1050,350,33.1,31.15,0,0,0
20:12:40,0,216.797,-942.633,-37.759,349.652,280,-70,70,33.11,31.15,0,0,0
20:13:40,0,216.797,-930.25,-26.413,378.81,1890,-70,0,33.12,31.16,0,0,0
20:14:40,0,212.891,-933.361,-19.947,364.963,2310,70,210,33.15,31.17,0,0,0
20:15:40,0,212.891,-930.86,-12.688,363.865,-490,-420,-140,33.11,31.18,0,0,0
20:16:40,0,212.891,-940.254,-18.971,399.184,-2870,-3360,3360,33.12,31.19,0,0,0
20:17:40,0,212.891,-937.021,-12.322,353.312,1330,-770,-490,33.15,31.2,0,0,0
20:18:40,0,210.938,-909.632,2.379,407.724,1260,-770,840,33.15,31.2,0,0,0
20:19:40,0,212.891,-925.858,12.505,364.719,560,-280,420,33.13,31.21,0,0,0
20:20:40,0,210.938,-937.692,20.252,358.619,2030,-1050,0,33.14,31.22,0,0,0
20:21:40,0,214.844,-937.021,-10.736,383.812,3150,770,-700,33.16,31.23,0,0,0
20:22:40,0,212.891,-899.018,-27.572,436.211,1050,560,70,33.16,31.23,0,0,0
20:23:40,0,212.891,-912.804,-16.165,398.696,700,770,350,33.14,31.23,0,0,0
20:24:40,0,216.797,-907.558,-19.642,409.249,70,-490,210,33.16,31.23,0,0,0
20:25:40,0,218.75,-919.453,-6.954,397.049,3150,1400,-980,33.19,31.22,0,0,0
20:26:40,0,220.703,-935.13,-73.261,345.992,-630,560,-280,33.18,31.22,0,0,0
20:27:40,0,220.703,-961.116,-63.135,282.003,-1750,-1120,140,33.18,31.21,0,0,0
20:28:40,0,220.703,-912.011,-124.989,382.714,490,910,280,33.19,31.2,0,0,0
20:29:40,0,222.656,-939.156,-102.419,347.7,1260,210,-560,33.18,31.2,0,0,0
20:30:40,0,222.656,-931.348,-123.708,354.654,-70,-210,-210,33.16,31.19,0,0,0
20:31:40,0,224.609,-924.272,-110.898,358.802,140,140,70,33.15,31.17,0,0,0
20:32:40,0,224.609,-930.555,-109.983,354.593,-140,-490,-70,33.14,31.16,0,0,0
20:33:40,0,226.563,-925.675,-114.924,353.007,-210,770,70,33.11,31.15,0,0,0
20:34:40,0,224.609,-935.923,-105.53,338.428,210,-560,-70,33.12,31.12,0,0,0
20:35:40,0,226.563,-936.716,-103.151,344.589,2450,-3360,-560,33.13,31.11,0,0,0
20:36:40,0,226.563,-885.171,-146.644,449.387,-280,-630,-280,33.12,31.1,0,0,0
20:37:40,0,228.516,-904.996,-51.545,407.175,1400,-350,140,33.11,31.1,0,0,0
20:38:40,0,228.516,-921.405,-78.08,367.708,0,-700,-140,33.09,31.08,0,0,0
20:39:40,0,228.516,-940.315,-79.3,350.384,910,3710,560,33.07,31.07,0,0,0
20:40:40,0,228.516,-914.085,-66.673,404.186,0,-560,0,33.08,31.07,0,0,0
20:41:40,0,226.563,-942.633,-36.661,349.652,70,0,-280,33.08,31.06,0,0,0
20:42:40,0,224.609,-923.601,-33.428,370.453,1330,-140,490,33.07,31.06,0,0,0
20:43:40,0,224.609,-900.238,10.614,428.952,4690,-560,1190,33.07,31.06,0,0,0
20:44:40,0,224.609,-883.524,-262.117,212.646,20020,26530,-7560,33.05,31.05,0,0,0
20:45:40,0,222.656,-980.331,-98.881,216.672,3920,210,-140,33.02,31.04,0,0,0
20:46:40,0,222.656,-984.845,-184.708,188.612,2170,-7700,6510,33.03,31.04,0,0,0
20:47:40,0,220.703,-976.915,-70.028,219.295,210,-700,-70,33.04,31.04,0,0,0
20:48:40,0,224.609,-991.372,-69.418,155.733,1540,-280,70,33.05,31.05,0,0,0
20:49:40,0,222.656,-973.377,-105.103,190.076,1260,-350,70,33.07,31.06,0,0,0
20:50:40,0,220.703,-970.327,-111.203,219.112,210,140,70,33.08,31.07,0,0,0
20:51:40,0,220.703,-980.514,-61.427,227.53,280,140,-140,33.08,31.09,0,0,0
20:52:40,0,220.703,-968.436,-71.309,236.68,3290,-70,-2310,33.08,31.11,0,0,0
20:53:40,0,218.75,-987.041,-165.92,30.5,140,-420,-210,33.08,31.11,0,0,0
20:54:40,0,218.75,-984.296,-186.904,165.127,4690,-4410,7770,33.08,31.11,0,0,0
20:55:40,0,218.75,-988.383,-145.363,111.63,420,-280,210,33.06,31.12,0,0,0
20:56:40,0,216.797,-989.725,-164.273,45.384,840,-700,280,33.09,31.15,0,0,0
20:57:40,0,214.844,-973.926,-232.715,41.175,70,-980,-70,33.11,31.18,0,0,0
20:58:40,0,210.938,-954.528,-302.438,-10.675,1050,-770,-210,33.12,31.23,0,0,0
20:59:40,0,205.078,-958.432,-310.734,-12.871,-140,0,-70,33.14,31.29,0,0,0
21:00:40,0,197.266,-989.664,-174.643,61.427,-280,700,0,33.22,31.38,0,0,0
21:01:40,0,199.219,-970.205,-209.962,-157.075,-2520,-910,-140,33.28,31.45,0,0,0
21:02:40,0,193.359,-981.856,-195.2,-67.527,350,1050,420,33.3,31.52,0,0,0
21:03:40,0,189.453,-925.065,-202.032,323.361,70,-350,-70,33.33,31.57,0,0,0
21:04:40,0,189.453,-984.418,-216.062,46.299,-6510,-5670,-1050,33.37,31.62,0,0,0
21:05:40,0,189.453,-962.641,-231.495,141.276,210,280,-280,33.39,31.65,0,0,0
21:06:40,0,187.5,-995.093,-158.295,46.299,2800,-280,140,33.41,31.68,0,0,0
21:07:40,0,183.594,-971.608,-167.14,148.657,280,-630,0,33.4,31.71,0,0,0
21:08:40,0,181.641,-936.655,-216.123,270.718,70,-420,70,33.45,31.76,0,0,0
21:09:40,0,181.641,-915,-127.734,386.618,-350,70,-70,33.5,31.8,0,0,0
21:10:40,0,173.828,-885.171,-187.697,418.338,140,-210,-70,33.54,31.85,0,0,0
21:11:40,0,175.781,-885.842,-194.224,421.937,70,70,-70,33.54,31.9,0,0,0
21:12:40,0,171.875,-916.891,-178.669,372.588,1960,-490,-70,33.55,31.96,0,0,0
21:13:40,0,169.922,-886.757,-172.081,421.937,350,-70,-70,33.58,31.99,0,0,0
21:14:40,0,167.969,-887.55,-182.695,416.691,980,-70,140,33.64,32.03,0,0,0
21:15:40,0,167.969,-878.217,-193.309,442.189,1890,-560,280,33.64,32.07,0,0,0
21:16:40,0,166.016,-869.982,-200.08,434.259,-490,490,280,33.66,32.11,0,0,0
21:17:40,0,164.063,-874.313,-196.664,428.525,490,-70,-210,33.68,32.13,0,0,0
21:18:40,0,164.063,-878.766,-192.577,423.828,560,-140,-70,33.68,32.16,0,0,0
21:19:40,0,162.109,-810.995,-111.142,571.997,140,0,-70,33.72,32.18,0,0,0
21:20:40,0,160.156,-806.603,-96.319,563.64,-6020,1050,280,33.76,32.22,0,0,0
21:21:40,0,160.156,-878.705,-240.218,415.166,-1260,-70,420,33.76,32.24,0,0,0
21:22:40,0,160.156,-868.884,-209.596,442.311,-350,-210,-70,33.77,32.26,0,0,0
21:23:40,0,156.25,-807.64,-123.098,570.655,280,0,-210,33.77,32.28,0,0,0
21:24:40,0,154.297,-850.584,-196.847,489.037,630,-420,0,33.81,32.32,0,0,0
21:25:40,0,154.297,-848.571,-200.263,483.364,1050,210,350,33.83,32.34,0,0,0
21:26:40,0,152.344,-878.827,-200.446,421.388,420,-210,-70,33.85,32.37,0,0,0
21:27:40,0,150.391,-869.067,-176.717,457.622,700,-350,70,33.88,32.39,0,0,0
21:28:40,0,152.344,-875.777,-213.561,431.27,-560,350,0,33.9,32.41,0,0,0
21:29:40,0,152.344,-820.267,-165.005,443.836,-11620,16940,-6090,33.93,32.44,0,0,0
21:30:40,0,152.344,-864.248,-180.926,469.7,2450,980,280,33.94,32.46,0,0,0
21:31:40,0,150.391,-853.451,-193.431,481.412,140,-420,-210,33.92,32.47,0,0,0
21:32:40,0,150.391,-843.63,-165.127,502.152,-210,-350,70,33.93,32.49,0,0,0
21:33:40,0,146.484,-854.976,-186.05,473.177,3780,1540,-280,33.96,32.51,0,0,0
21:34:40,0,150.391,-851.194,-163.358,495.686,490,-70,0,33.97,32.54,0,0,0
21:35:40,0,146.484,-850.34,-172.02,495.198,-490,70,140,34,32.56,0,0,0
21:36:40,0,146.484,-851.926,-174.582,493.673,70,-210,-420,34.03,32.59,0,0,0
21:37:40,0,144.531,-852.231,-179.767,491.05,840,-560,70,34.04,32.61,0,0,0
21:38:40,0,142.578,-848.083,-251.076,459.086,-210,630,140,34.06,32.64,0,0,0
21:39:40,0,142.578,-854.854,-214.049,476.715,350,-70,-210,34.07,32.67,0,0,0
21:40:40,0,140.625,-989.603,-148.718,81.557,140,-350,70,34.09,32.7,0,0,0
21:41:40,0,140.625,-972.645,-143.045,193.004,840,0,70,34.12,32.72,0,0,0
21:42:40,0,140.625,-973.621,-150.426,166.591,280,210,70,34.12,32.74,0,0,0
21:43:40,0,142.578,-967.582,-154.086,205.265,-910,210,630,34.16,32.75,0,0,0
21:44:40,0,140.625,-976,-128.405,190.747,210,-700,-140,34.18,32.75,0,0,0
21:45:40,0,142.578,-977.525,-121.512,199.226,420,0,-210,34.15,32.76,0,0,0
21:46:40,0,142.578,-978.44,-116.876,160.735,-770,630,-420,34.15,32.76,0,0,0
21:47:40,0,142.578,-985.699,-162.565,6.649,-700,-490,-210,34.16,32.75,0,0,0
21:48:40,0,142.578,-992.958,-171.837,10.37,280,-70,-280,34.16,32.75,0,0,0
21:49:40,0,140.625,-992.226,-178.669,9.638,70,70,-140,34.12,32.74,0,0,0
21:50:40,0,138.672,-987.712,-166.042,17.141,700,140,70,34.1,32.74,0,0,0
21:51:40,0,138.672,-982.954,-174.216,47.946,490,-280,420,34.13,32.75,0,0,0
21:52:40,0,136.719,-984.113,-172.63,21.899,-140,910,-140,34.13,32.76,0,0,0
21:53:40,0,138.672,-987.407,-175.863,22.875,70,140,-140,34.12,32.76,0,0,0
21:54:40,0,140.625,-982.405,-191.967,16.775,630,350,70,34.16,32.77,0,0,0
21:55:40,0,136.719,-987.346,-173.728,45.75,0,-70,0,34.17,32.78,0,0,0
21:56:40,0,138.672,-990.274,-175.985,-18.666,140,140,0,34.16,32.78,0,0,0
21:57:40,0,140.625,-950.319,-295.728,-45.201,630,70,-420,34.13,32.78,0,0,0
21:58:40,0,136.719,-964.105,-271.328,8.662,210,140,210,34.14,32.79,0,0,0
21:59:40,0,134.766,-1001.071,-71.98,-15.677,-70,-70,-350,34.16,32.8,0,0,0
22:00:40,0,134.766,-985.943,-134.627,124.501,840,-140,-210,34.16,32.83,0,0,0
22:01:40,0,134.766,-982.588,-122.61,145.363,-280,-350,-280,34.16,32.84,0,0,0
22:02:40,0,136.719,-993.324,-143.228,88.328,140,-840,-280,34.21,32.85,0,0,0
22:03:40,0,138.672,-991.128,-122.122,132.126,1330,-2310,70,34.22,32.85,0,0,0
22:04:40,0,136.719,-983.442,-144.692,133.468,1260,-560,70,34.18,32.84,0,0,0
22:05:40,0,138.672,-989.664,-171.349,-5.673,1330,1120,-770,34.19,32.84,0,0,0
22:06:40,0,140.625,-991.494,-161.162,22.57,-70,490,0,34.21,32.84,0,0,0
22:07:40,0,138.672,-990.762,-161.894,14.762,0,-420,-140,34.23,32.84,0,0,0
22:08:40,0,138.672,-985.028,-149.023,86.864,420,-420,-70,34.21,32.84,0,0,0
22:09:40,0,138.672,-986.065,-164.517,82.533,0,-70,140,34.18,32.85,0,0,0
22:10:40,0,136.719,-992.104,-163.419,21.899,630,280,770,34.2,32.86,0,0,0
22:11:40,0,138.672,-993.141,-174.582,26.779,70,70,350,34.19,32.86,0,0,0
22:12:40,0,136.719,-975.207,-221.674,1.037,210,-910,-280,34.21,32.87,0,0,0
22:13:40,0,138.672,-992.47,-166.591,-12.505,1400,280,-210,34.22,32.87,0,0,0
22:14:40,0,136.719,-991.372,-161.223,7.991,1120,-840,-210,34.22,32.89,0,0,0
22:15:40,0,134.766,-991.677,-165.066,29.707,-490,350,-140,34.23,32.9,0,0,0
22:16:40,0,136.719,-981.978,-193.431,-15.189,1050,-980,-420,34.24,32.91,0,0,0
22:17:40,0,132.813,-986.187,-193.004,7.991,210,70,-350,34.24,32.92,0,0,0
22:18:40,0,132.813,-988.932,-147.01,-17.385,350,630,0,34.23,32.93,0,0,0
22:19:40,0,134.766,-987.712,-162.931,1.281,770,-350,700,34.25,32.94,0,0,0
22:20:40,0,132.813,-985.821,-149.328,-11.956,490,560,210,34.28,32.96,0,0,0
22:21:40,0,132.813,-986.248,-149.206,61,0,-700,70,34.31,32.97,0,0,0
22:22:40,0,132.813,-993.629,-143.167,16.714,70,-840,280,34.32,32.99,0,0,0
22:23:40,0,130.859,-995.581,-133.407,7.808,2450,280,-140,34.35,33,0,0,0
22:24:40,0,134.766,-982.405,-43.432,153.11,-2170,-2730,-3150,34.35,33.01,0,0,0
22:25:40,0,132.813,-991.067,-140.605,81.496,-70,1960,1400,34.31,33.01,0,0,0
22:26:40,0,130.859,-959.347,-77.287,287.615,140,630,-70,34.29,33.01,0,0,0
22:27:40,0,130.859,-939.217,-93.635,339.892,-350,-630,1190,34.33,33.02,0,0,0
22:28:40,0,132.813,-935.679,-208.01,291.519,490,140,140,34.35,33.03,0,0,0
22:29:40,0,132.813,-916.22,-189.649,352.946,980,-560,-280,34.35,33.03,0,0,0
22:30:40,0,134.766,-915.793,-196.237,352.153,-490,770,0,34.34,33.04,0,0,0
22:31:40,0,132.813,-896.944,-167.14,393.389,-700,-210,-350,34.35,33.05,0,0,0
22:32:40,0,130.859,-902.251,-170.678,388.265,-280,280,210,34.39,33.07,0,0,0
22:33:40,0,130.859,-914.024,-195.383,361.425,210,350,-280,34.36,33.08,0,0,0
22:34:40,0,132.813,-909.876,-186.05,368.013,-490,350,-210,34.36,33.09,0,0,0
22:35:40,0,132.813,-903.959,-192.028,364.17,1190,910,0,34.39,33.11,0,0,0
22:36:40,0,132.813,-919.331,-187.331,362.584,210,140,70,34.43,33.12,0,0,0
22:37:40,0,132.813,-932.629,-180.499,317.688,-490,-490,-280,34.45,33.12,0,0,0
22:38:40,0,132.813,-914.451,-186.05,356.423,-70,280,70,34.46,33.13,0,0,0
22:39:40,0,132.813,-941.352,-86.01,332.511,-560,70,-70,34.47,33.14,0,0,0
22:40:40,0,130.859,-869.311,-173.728,455.243,210,840,140,34.46,33.16,0,0,0
22:41:40,0,130.859,-887.123,-189.405,406.626,350,-280,-140,34.44,33.17,0,0,0
22:42:40,0,128.906,-873.215,-228.445,423.706,840,770,350,34.45,33.18,0,0,0
22:43:40,0,130.859,-896.273,-184.586,400.038,-210,210,0,34.48,33.19,0,0,0
22:44:40,0,132.813,-904.508,-196.237,371.49,420,-630,-210,34.49,33.19,0,0,0
22:45:40,0,130.859,-888.221,-233.325,385.398,-70,-560,140,34.47,33.19,0,0,0
22:46:40,0,130.859,-902.434,-203.252,385.459,490,-560,-210,34.46,33.19,0,0,0
22:47:40,0,126.953,-868.701,-198.311,426.329,5810,4900,1470,34.45,33.19,0,0,0
22:48:40,0,130.859,-902.922,-202.276,374.296,2870,840,140,34.47,33.19,0,0,0
22:49:40,0,128.906,-877.912,-218.38,418.826,70,-280,-280,34.46,33.2,0,0,0
22:50:40,0,128.906,-891.027,-225.212,391.864,1260,-70,140,34.47,33.21,0,0,0
22:51:40,0,128.906,-895.114,-218.441,402.356,1050,-490,-70,34.49,33.21,0,0,0
22:52:40,0,130.859,-876.387,-185.013,433.466,560,-840,-70,34.45,33.2,0,0,0
22:53:40,0,132.813,-986.37,-155.611,-207.888,8400,-2590,140,34.45,33.19,0,0,0
22:54:40,0,130.859,-884.561,53.985,472.384,770,-770,420,34.48,33.19,0,0,0
22:55:40,0,130.859,-846.07,75.823,522.892,280,-140,-140,34.48,33.2,0,0,0
22:56:40,0,128.906,-871.995,-106.628,481.961,-140,0,-210,34.5,33.22,0,0,0
22:57:40,0,126.953,-855.159,-105.286,512.827,140,-420,-140,34.48,33.22,0,0,0
22:58:40,0,128.906,-830.454,-52.277,546.499,770,-280,490,34.46,33.23,0,0,0
22:59:40,0,128.906,-847.351,-92.964,551.44,-3010,5040,4970,34.48,33.24,0,0,0
23:00:40,0,130.859,-811.117,-70.577,577.365,210,-280,-140,34.48,33.23,0,0,0
23:01:40,0,130.859,-808.677,-80.337,579.744,280,-70,70,34.48,33.22,0,0,0
23:02:40,0,132.813,-828.868,-120.475,543.571,490,-490,-140,34.51,33.22,0,0,0
23:03:40,0,130.859,-867.237,-127.978,483.73,-420,-210,-350,34.5,33.21,0,0,0
23:04:40,0,132.813,-872.544,-145.18,469.7,490,-140,-70,34.46,33.2,0,0,0
23:05:40,0,132.813,-869.372,-140.117,470.371,-560,560,-140,34.46,33.19,0,0,0
23:06:40,0,132.813,-846.07,-81.496,520.269,2380,-630,420,34.47,33.18,0,0,0
23:07:40,0,130.859,-866.505,-126.026,484.889,280,210,-210,34.47,33.18,0,0,0
23:08:40,0,130.859,-866.2,-131.211,479.094,910,-280,-210,34.46,33.18,0,0,0
23:09:40,0,130.859,-858.453,-130.052,488.488,280,140,70,34.44,33.18,0,0,0
23:10:40,0,130.859,-866.2,-120.292,465.552,490,-490,140,34.46,33.18,0,0,0
23:11:40,0,130.859,-881.328,-117.425,455.243,-350,-560,-140,34.48,33.18,0,0,0
23:12:40,0,130.859,-893.528,-125.599,422.303,1680,-1330,1610,34.46,33.18,0,0,0
23:13:40,0,128.906,-871.629,-123.22,465.247,350,0,-210,34.46,33.18,0,0,0
23:14:40,0,130.859,-871.263,-127.856,479.826,-490,0,-70,34.47,33.18,0,0,0
23:15:40,0,128.906,-828.502,-75.64,552.538,-490,490,-280,34.45,33.18,0,0,0
23:16:40,0,130.859,-824.903,-92.232,551.989,420,-630,0,34.45,33.18,0,0,0
23:17:40,0,132.813,-860.893,-137.86,492.819,910,-280,0,34.46,33.18,0,0,0
23:18:40,0,130.859,-881.877,-131.699,453.718,1540,70,140,34.46,33.17,0,0,0
23:19:40,0,130.859,-875.411,-147.559,465.857,1820,280,-70,34.48,33.17,0,0,0
23:20:40,0,130.859,-847.046,-116.571,511.851,-70,-560,140,34.48,33.17,0,0,0
23:21:40,0,128.906,-833.382,-113.277,540.948,420,70,0,34.44,33.17,0,0,0
23:22:40,0,130.859,-875.533,-139.324,454.816,1470,-560,-70,34.46,33.18,0,0,0
23:23:40,0,130.859,-854.305,-101.809,513.681,70,420,0,34.49,33.18,0,0,0
23:24:40,0,130.859,-844.667,-103.212,525.759,-140,-280,-70,34.48,33.18,0,0,0
23:25:40,0,128.906,-971.608,-180.865,185.806,1750,210,0,34.48,33.18,0,0,0
23:26:40,0,132.813,-994.727,-146.339,51.484,-490,210,-140,34.47,33.17,0,0,0
23:27:40,0,130.859,-979.172,-203.74,78.69,700,210,-210,34.46,33.17,0,0,0
23:28:40,0,132.813,-972.767,-212.219,96.319,1610,-70,-140,34.47,33.18,0,0,0
23:29:40,0,132.813,-978.867,-219.783,71.126,1750,-770,-280,34.46,33.19,0,0,0
23:30:40,0,132.813,-980.636,-210.084,54.778,0,490,-140,34.45,33.19,0,0,0
23:31:40,0,130.859,-987.041,-186.843,54.29,-280,70,-350,34.47,33.18,0,0,0
23:32:40,0,132.813,-984.906,-203.252,19.154,1400,-1470,1050,34.46,33.17,0,0,0
23:33:40,0,130.859,-975.756,-190.137,80.337,350,-140,70,34.45,33.17,0,0,0
23:34:40,0,132.813,-984.113,-189.893,40.199,-490,350,-210,34.48,33.16,0,0,0
23:35:40,0,134.766,-985.394,-185.867,-24.583,-420,-420,-560,34.49,33.15,0,0,0
23:36:40,0,132.813,-988.81,-176.107,-23.424,490,-280,-420,34.47,33.14,0,0,0
23:37:40,0,134.766,-993.385,-132.614,61.366,280,280,-140,34.47,33.12,0,0,0
23:38:40,0,134.766,-992.958,-152.317,82.289,-140,490,-280,34.43,33.11,0,0,0
23:39:40,0,134.766,-972.035,-119.56,138.043,630,-2450,840,34.41,33.1,0,0,0
23:40:40,0,134.766,-986.797,-135.969,101.809,350,-700,210,34.43,33.09,0,0,0
23:41:40,0,134.766,-988.627,-133.651,103.639,980,-350,210,34.42,33.09,0,0,0
23:42:40,0,134.766,-979.843,-129.808,124.318,-4340,560,1050,34.41,33.07,0,0,0
23:43:40,0,136.719,-991.982,-149.938,110.166,980,0,-700,34.4,33.07,0,0,0
23:44:40,0,136.719,-973.316,-166.591,113.216,0,70,-140,34.4,33.07,0,0,0
23:45:40,0,134.766,-990.274,-180.682,-75.213,210,-210,-350,34.39,33.06,0,0,0
23:46:40,0,134.766,-1002.23,-77.043,12.627,910,350,-280,34.41,33.05,0,0,0
23:47:40,0,132.813,-1000.461,-106.689,29.829,1190,-420,-420,34.4,33.05,0,0,0
23:48:40,0,132.813,-996.801,-106.811,79.666,1120,-140,-350,34.34,33.05,0,0,0
23:49:40,0,132.813,-990.457,-134.993,72.041,-1050,-2590,-2030,34.33,33.06,0,0,0
23:50:40,0,130.859,-980.819,-35.746,197.213,280,350,0,34.36,33.07,0,0,0
23:51:40,0,132.813,-986.858,-136.823,127.551,-140,280,-70,34.36,33.07,0,0,0
23:52:40,0,128.906,-988.749,-159.759,18.239,490,700,0,34.37,33.07,0,0,0
23:53:40,0,128.906,-987.163,-152.317,92.903,280,-1470,-210,34.38,33.07,0,0,0
23:54:40,0,132.813,-1005.463,-64.904,24.4,9730,7210,3920,34.37,33.07,0,0,0
23:55:40,0,132.813,-977.098,-134.932,186.355,280,0,0,34.36,33.07,0,0,0
23:56:40,0,130.859,-992.226,-111.874,80.215,350,-350,0,34.35,33.07,0,0,0
23:57:40,0,132.813,-991.738,-115.351,81.252,210,140,0,34.37,33.07,0,0,0
23:58:40,0,130.859,-988.139,-107.055,110.532,980,560,-210,34.37,33.06,0,0,0
23:59:40,0,130.859,-999.79,-86.498,35.197,0,140,-420,34.35,33.05,0,0,0
0:00:40,0,132.813,-999.18,-113.094,115.351,3990,-420,1400,34.34,33.05,0,0,0
0:01:40,0,132.813,-988.627,-106.018,105.53,1190,-420,140,34.36,33.05,0,0,0
0:02:40,0,132.813,-993.568,-111.508,120.353,0,70,-140,34.35,33.05,0,0,0
0:03:40,0,132.813,-999.302,-63.745,-15.372,1890,-630,420,34.34,33.05,0,0,0
0:04:40,0,132.813,-996.008,-109.861,21.411,630,140,70,34.34,33.04,0,0,0
0:05:40,0,132.813,-999.912,-119.377,20.74,140,560,70,34.35,33.04,0,0,0
0:06:40,0,134.766,-989.542,-137.25,70.943,-210,560,-280,34.34,33.05,0,0,0
0:07:40,0,132.813,-989.481,-124.562,72.529,140,-70,-70,34.32,33.05,0,0,0
0:08:40,0,130.859,-985.272,-127.063,90.28,980,-1890,350,34.3,33.05,0,0,0
0:09:40,0,128.906,-989.237,-153.659,-3.904,490,-70,70,34.24,33.05,0,0,0
0:10:40,0,125,-994.178,-128.649,47.153,-280,350,-280,34.2,33.07,0,0,0
0:11:40,0,123.047,-992.043,-139.629,85.644,140,70,-140,34.22,33.1,0,0,0
0:12:40,0,121.094,-982.588,-123.586,127.856,-140,-420,140,34.26,33.13,0,0,0
0:13:40,0,119.141,-992.836,-107.543,133.712,-140,-210,-70,34.25,33.14,0,0,0
0:14:40,0,119.141,-989.237,-108.702,136.64,350,-280,-210,34.29,33.16,0,0,0
0:15:40,0,121.094,-985.15,-113.46,168.055,-140,-280,210,34.29,33.17,0,0,0
0:16:40,0,121.094,-985.455,-109.861,197.518,4270,2730,-3780,34.28,33.17,0,0,0
0:17:40,0,121.094,-991.555,-83.753,124.318,350,490,70,34.28,33.17,0,0,0
0:18:40,0,121.094,-980.026,-89.304,210.938,1470,560,-700,34.29,33.17,0,0,0
0:19:40,0,121.094,-988.505,-77.714,128.1,280,70,0,34.31,33.17,0,0,0
0:20:40,0,123.047,-982.405,-89.914,176.351,-1330,-420,280,34.29,33.17,0,0,0
0:21:40,0,123.047,-983.686,-78.69,155.306,3150,-700,-1400,34.29,33.17,0,0,0
0:22:40,0,123.047,-993.019,-108.885,70.211,1190,-70,210,34.31,33.17,0,0,0
0:23:40,0,121.094,-991.433,-129.32,88.267,-350,-140,280,34.32,33.17,0,0,0
0:24:40,0,123.047,-993.446,-138.897,-60.39,0,-140,140,34.32,33.18,0,0,0
0:25:40,0,123.047,-995.52,-120.17,28.731,700,-70,210,34.31,33.18,0,0,0
0:26:40,0,121.094,-999.485,-112.667,27.084,1470,-630,70,34.32,33.17,0,0,0
0:27:40,0,125,-999.485,-118.157,-25.01,-70,-70,-140,34.3,33.17,0,0,0
0:28:40,0,121.094,-989.725,-168.482,12.2,420,-420,70,34.28,33.16,0,0,0
0:29:40,0,121.094,-987.285,-156.282,-27.816,3570,-980,-280,34.26,33.16,0,0,0
0:30:40,0,119.141,-991.982,-152.195,-12.871,-210,140,-70,34.28,33.17,0,0,0
0:31:40,0,121.094,-993.873,-130.784,23.363,1610,210,70,34.29,33.17,0,0,0
0:32:40,0,123.047,-993.324,-117.303,97.173,420,210,-350,34.29,33.18,0,0,0
0:33:40,0,123.047,-989.969,-127.185,95.221,1120,-420,70,34.31,33.18,0,0,0
0:34:40,0,121.094,-988.627,-123.647,99.918,210,-280,-70,34.29,33.17,0,0,0
0:35:40,0,123.047,-995.703,-111.142,89.121,140,420,70,34.26,33.17,0,0,0
0:36:40,0,123.047,-1000.4,-96.258,16.897,1540,560,350,34.26,33.15,0,0,0
0:37:40,0,123.047,-999.546,-129.015,56.913,2660,-1050,-350,34.27,33.14,0,0,0
0:38:40,0,125,-858.88,-281.454,442.189,560,-420,910,34.28,33.14,0,0,0
0:39:40,0,123.047,-884.5,-203.618,426.878,770,-140,0,34.26,33.14,0,0,0
0:40:40,0,123.047,-890.173,-206.302,399.123,-70,-350,0,34.24,33.13,0,0,0
0:41:40,0,123.047,-965.508,-110.471,-247.05,-420,490,-420,34.24,33.11,0,0,0
0:42:40,0,126.953,-966.179,-119.316,-246.928,-910,-490,-140,34.23,33.09,0,0,0
0:43:40,0,123.047,-960.689,-99.674,-261.08,-140,-1190,210,34.25,33.09,0,0,0
0:44:40,0,126.953,-921.039,-220.088,319.03,840,-350,-210,34.23,33.08,0,0,0
0:45:40,0,123.047,-927.322,-229.238,353.495,2030,-1190,-1750,34.19,33.07,0,0,0
0:46:40,0,125,-924.15,-222.284,312.991,1190,-490,-140,34.16,33.07,0,0,0
0:47:40,0,130.859,-920.002,-228.628,332.023,420,-3710,-1190,34.14,33.06,0,0,0
0:48:40,0,126.953,-912.682,-150.243,376.797,0,0,0,34.16,33.04,0,0,0
0:49:40,0,126.953,-892.186,-190.93,396.317,1120,-700,490,34.17,33.02,0,0,0
0:50:40,0,128.906,-887.306,-195.078,402.966,1260,630,-70,34.16,33.02,0,0,0
0:51:40,0,128.906,-898.896,-159.515,401.563,-420,280,-140,34.15,33.02,0,0,0
0:52:40,0,130.859,-842.044,-133.956,524.417,210,-420,-210,34.18,33.04,0,0,0
0:53:40,0,128.906,-867.176,-134.749,495.137,3430,-70,-280,34.19,33.05,0,0,0
0:54:40,0,128.906,-849.791,-148.474,502.274,70,0,-280,34.18,33.04,0,0,0
0:55:40,0,130.859,-843.813,-153.11,499.407,-560,70,70,34.18,33.03,0,0,0
0:56:40,0,132.813,-900.726,-150.853,417.423,630,-3080,2310,34.17,33.02,0,0,0
0:57:40,0,132.813,-840.885,-99.735,528.077,1330,210,70,34.14,33.01,0,0,0
0:58:40,0,132.813,-878.095,-113.277,456.341,210,210,0,34.14,33,0,0,0
0:59:40,0,132.813,-886.452,-117.913,437.614,1260,-210,-70,34.15,32.99,0,0,0
1:00:40,0,132.813,-882.365,-92.903,458.659,1470,-630,70,34.14,32.97,0,0,0
1:01:40,0,132.813,-884.195,-77.165,460.062,-280,-140,70,34.16,32.98,0,0,0
1:02:40,0,132.813,-879.193,-81.13,466.65,980,-420,0,34.17,33,0,0,0
1:03:40,0,130.859,-878.522,-79.056,474.031,-140,0,140,34.16,33.02,0,0,0
1:04:40,0,128.906,-867.359,-109.556,488.671,-140,-210,70,34.16,33.03,0,0,0
1:05:40,0,128.906,-864.797,-113.704,490.074,-420,-210,-280,34.19,33.04,0,0,0
1:06:40,0,130.859,-864.126,-93.94,498.431,-350,-350,0,34.25,33.07,0,0,0
1:07:40,0,128.906,-870.409,-156.404,460.611,560,-770,280,34.26,33.09,0,0,0
1:08:40,0,126.953,-908.778,-111.63,394.243,-350,-350,700,34.25,33.12,0,0,0
1:09:40,0,130.859,-905.728,-118.767,406.504,700,-490,-140,34.25,33.12,0,0,0
1:10:40,0,128.906,-907.558,-208.986,359.778,210,140,-140,34.25,33.11,0,0,0
1:11:40,0,128.906,-915.488,-216.367,348.798,350,-840,280,34.23,33.1,0,0,0
1:12:40,0,128.906,-886.757,-170.434,435.296,210,-420,-210,34.23,33.1,0,0,0
1:13:40,0,130.859,-852.658,-153.415,486.109,420,-560,210,34.25,33.11,0,0,0
1:14:40,0,128.906,-857.477,-113.033,484.767,-560,280,-140,34.28,33.12,0,0,0
1:15:40,0,128.906,-850.889,-118.584,509.045,700,-210,-70,34.3,33.14,0,0,0
1:16:40,0,126.953,-839.055,-78.263,543.51,-1610,700,350,34.31,33.16,0,0,0
1:17:40,0,125,-914.695,-39.345,404.247,490,210,-560,34.27,33.17,0,0,0
1:18:40,0,123.047,-866.871,-18.544,506.178,280,560,140,34.28,33.18,0,0,0
1:19:40,0,121.094,-904.813,-30.622,418.521,0,-350,140,34.31,33.2,0,0,0
1:20:40,0,125,-914.329,-21.533,401.99,210,-350,0,34.32,33.21,0,0,0
1:21:40,0,128.906,-975.024,-203.618,-30.805,1260,70,-1120,34.35,33.21,0,0,0
1:22:40,0,126.953,-985.76,-42.761,193.858,0,420,-70,34.36,33.2,0,0,0
1:23:40,0,130.859,-987.346,0.427,172.63,140,-70,-140,34.38,33.19,0,0,0
1:24:40,0,132.813,-976.854,5.368,187.88,70,-140,0,34.44,33.18,0,0,0
1:25:40,0,134.766,-993.263,5.612,180.316,-490,140,140,34.47,33.16,0,0,0
1:26:40,0,132.813,-997.228,-129.137,-39.65,-700,700,-350,34.43,33.12,0,0,0
1:27:40,0,134.766,-989.176,-38.918,149.877,770,840,350,34.36,33.09,0,0,0
1:28:40,0,138.672,-1006.073,-11.468,72.468,770,-420,-490,34.35,33.05,0,0,0
1:29:40,0,138.672,-984.54,-6.1,174.643,-1750,560,560,34.39,33.02,0,0,0
1:30:40,0,136.719,-979.599,-50.02,212.28,-1400,-1470,700,34.35,33,0,0,0
1:31:40,0,136.719,-981.734,-5.612,207.095,420,-70,-140,34.29,32.99,0,0,0
1:32:40,0,138.672,-981.795,-16.714,218.99,-1610,-210,560,34.29,32.97,0,0,0
1:33:40,0,140.625,-988.566,1.464,172.752,770,-490,0,34.31,32.96,0,0,0
1:34:40,0,142.578,-970.876,-24.888,237.717,630,-1680,560,34.3,32.93,0,0,0
1:35:40,0,142.578,-981.551,-41.48,223.016,560,-280,-140,34.22,32.92,0,0,0
1:36:40,0,142.578,-996.74,-50.569,121.146,1120,-490,280,34.19,32.89,0,0,0
1:37:40,0,144.531,-984.723,-44.652,173.667,-490,1680,630,34.22,32.87,0,0,0
1:38:40,0,142.578,-989.603,-44.225,150.975,210,490,-210,34.21,32.87,0,0,0
1:39:40,0,140.625,-998.082,-137.921,-108.214,280,4900,1470,34.19,32.86,0,0,0
1:40:40,0,138.672,-996.374,2.501,84.79,770,-1050,-210,34.19,32.85,0,0,0
1:41:40,0,138.672,-999.912,-86.864,46.848,350,140,210,34.18,32.86,0,0,0
1:42:40,0,136.719,-1006.256,-36.722,-24.217,-350,9450,560,34.19,32.87,0,0,0
1:43:40,0,138.672,-992.531,-28.365,92.659,2940,-3430,140,34.19,32.88,0,0,0
1:44:40,0,138.672,-1003.511,16.775,87.474,1330,-70,-210,34.18,32.89,0,0,0
1:45:40,0,136.719,-986.553,40.626,168.116,560,-140,210,34.2,32.89,0,0,0
1:46:40,0,134.766,-993.934,-51.972,129.808,-1190,70,490,34.24,32.9,0,0,0
1:47:40,0,136.719,-981.49,-57.523,152.073,210,-700,-560,34.24,32.91,0,0,0
1:48:40,0,136.719,-1000.4,-40.992,95.587,350,280,0,34.22,32.91,0,0,0
1:49:40,0,132.813,-1011.807,-23.912,24.156,3500,-2800,-490,34.21,32.91,0,0,0
1:50:40,0,136.719,-1002.169,-43.432,54.412,-420,700,-140,34.23,32.92,0,0,0
1:51:40,0,136.719,-1001.925,-54.107,48.312,490,-70,280,34.22,32.93,0,0,0
1:52:40,0,136.719,-999.424,-36.173,101.199,-420,-1120,-1680,34.25,32.94,0,0,0
1:53:40,0,134.766,-989.42,-82.899,135.908,140,-280,70,34.29,32.95,0,0,0
1:54:40,0,136.719,-996.374,-61.122,103.212,-490,-420,-350,34.29,32.95,0,0,0
1:55:40,0,136.719,-1006.988,-40.26,8.906,-560,-560,-140,34.3,32.95,0,0,0
1:56:40,0,132.813,-889.197,-270.23,374.601,4410,70,-1540,34.25,32.96,0,0,0
1:57:40,0,134.766,-965.386,-150.06,218.441,-980,-2170,-420,34.21,32.96,0,0,0
1:58:40,0,140.625,-934.703,-116.998,346.297,-350,840,420,34.25,32.94,0,0,0
1:59:40,0,140.625,-667.645,-55.632,733.769,350,840,-140,34.24,32.89,0,0,0
2:00:40,0,142.578,-673.013,-69.479,734.44,-140,-140,-70,34.21,32.85,0,0,0
2:01:40,0,142.578,-674.355,-51.606,739.015,-490,-140,-350,34.2,32.84,0,0,0
2:02:40,0,144.531,-665.693,-47.702,741.76,1470,70,0,34.2,32.86,0,0,0
2:03:40,0,136.719,-720.654,-670.756,182.329,10570,-6020,3710,34.18,32.87,0,0,0
2:04:40,0,142.578,135.847,457.378,880.779,-140,140,-490,34.2,32.87,0,0,0
2:05:40,0,136.719,255.102,277.001,901.031,-3150,-1540,70,34.23,32.89,0,0,0
2:06:40,0,136.719,213.927,255.651,944.219,140,-70,-140,34.19,32.92,0,0,0
2:07:40,0,134.766,226.005,250.893,945.439,210,-210,-70,34.18,32.94,0,0,0
2:08:40,0,132.813,127.978,252.967,963.068,490,-140,70,34.22,32.97,0,0,0
2:09:40,0,132.813,206.363,253.333,939.949,1190,-1890,-420,34.25,33,0,0,0
2:10:40,0,130.859,176.107,260.836,953.064,280,-210,-140,34.29,33.05,0,0,0
2:11:40,0,125,172.02,258.945,952.393,140,-210,-70,34.32,33.1,0,0,0
2:12:40,0,119.141,195.2,264.313,946.171,210,-280,0,34.38,33.16,0,0,0
2:13:40,0,117.188,189.649,267.363,949.099,70,-280,210,34.37,33.22,0,0,0
2:14:40,0,130.859,-462.868,814.777,-98.027,19600,5810,-5670,34.44,33.29,0,0,0
2:15:40,0,128.906,-415.837,908.473,6.954,140,-140,-210,34.49,33.32,0,0,0
2:16:40,0,132.813,-414.556,911.34,12.749,140,-350,-140,34.51,33.35,0,0,0
2:17:40,0,130.859,-398.757,922.32,10.492,70,-140,-140,34.53,33.35,0,0,0
2:18:40,0,130.859,-396.988,921.039,14.274,70,-140,-140,34.55,33.37,0,0,0
2:19:40,0,126.953,-391.376,922.198,22.936,-70,-560,0,34.57,33.39,0,0,0
2:20:40,0,125,-406.992,918.721,9.76,-560,-700,210,34.57,33.42,0,0,0
2:21:40,0,117.188,-404.674,917.013,3.599,-70,-490,-70,34.57,33.46,0,0,0
2:22:40,0,113.281,-405.894,920.917,-0.671,140,-70,140,34.6,33.51,0,0,0
2:23:40,0,109.375,-403.454,923.418,3.782,-140,-420,140,34.62,33.56,0,0,0
2:24:40,0,105.469,-395.28,923.052,-0.549,350,420,140,34.64,33.62,0,0,0
2:25:40,0,99.609,-401.075,923.479,0.122,140,70,-210,34.68,33.67,0,0,0
2:26:40,0,95.703,-400.282,921.832,2.196,-210,-210,0,34.7,33.73,0,0,0
2:27:40,0,91.797,-397.72,923.235,1.952,700,490,70,34.74,33.79,0,0,0
2:28:40,0,85.938,-398.025,921.1,6.405,700,840,-140,34.79,33.85,0,0,0
2:29:40,0,82.031,-399.489,924.028,1.586,-70,-70,0,34.81,33.9,0,0,0
2:30:40,0,80.078,-401.929,919.819,2.562,630,70,-70,34.84,33.98,0,0,0
2:31:40,0,76.172,-397.598,923.296,9.699,770,1330,-140,34.86,34.03,0,0,0
2:32:40,0,72.266,-401.014,921.222,9.516,210,-210,-140,34.9,34.09,0,0,0
2:33:40,0,72.266,-400.282,921.771,4.026,770,420,-140,34.95,34.14,0,0,0
2:34:40,0,66.406,-395.524,922.625,2.135,420,140,0,34.97,34.2,0,0,0
2:35:40,0,66.406,-397.232,921.222,8.967,-140,-700,140,34.99,34.26,0,0,0
2:36:40,0,62.5,-399.611,922.503,2.379,-280,-140,-70,35.02,34.31,0,0,0
2:37:40,0,58.594,-396.805,924.516,12.444,420,910,-70,35.06,34.36,0,0,0
2:38:40,0,60.547,-396.256,922.93,0.244,-490,-70,70,35.09,34.41,0,0,0
2:39:40,0,54.688,-400.404,923.296,9.394,-140,-910,210,35.12,34.45,0,0,0
2:40:40,0,50.781,-392.901,920.368,-5.002,-210,-280,70,35.14,34.5,0,0,0
2:41:40,0,52.734,-397.232,921.222,11.346,0,-280,70,35.17,34.53,0,0,0
2:42:40,0,52.734,-394.304,922.076,0.183,-210,-420,0,35.22,34.58,0,0,0
2:43:40,0,46.875,-396.622,921.588,2.684,-280,-210,70,35.22,34.61,0,0,0
2:44:40,0,46.875,-399.489,921.954,2.501,-700,-140,70,35.27,34.65,0,0,0
2:45:40,0,44.922,-396.805,922.381,9.455,910,840,-210,35.28,34.69,0,0,0
2:46:40,0,44.922,-396.439,920.612,-1.769,840,210,-140,35.32,34.73,0,0,0
2:47:40,0,42.969,-398.391,923.235,5.063,-490,-210,210,35.33,34.76,0,0,0
2:48:40,0,41.016,-395.097,921.71,13.969,-210,-490,70,35.34,34.79,0,0,0
2:49:40,0,41.016,-399.977,924.577,4.331,630,490,0,35.38,34.81,0,0,0
2:50:40,0,37.109,-397.659,923.113,15.372,350,-560,-210,35.39,34.84,0,0,0
2:51:40,0,35.156,-397.293,924.882,10.553,70,-560,-70,35.39,34.87,0,0,0
2:52:40,0,35.156,-396.256,921.588,6.771,0,-420,70,35.44,34.9,0,0,0
2:53:40,0,33.203,-396.317,922.32,4.392,-70,-350,70,35.48,34.92,0,0,0
2:54:40,0,33.203,-394.731,923.845,8.723,-140,-280,-70,35.48,34.94,0,0,0
2:55:40,0,31.25,-286.7,956.358,-90.646,210,-420,0,35.49,34.96,0,0,0
2:56:40,0,29.297,-277.611,958.432,-97.966,280,-140,70,35.51,34.99,0,0,0
2:57:40,0,27.344,-328.485,948.184,-17.934,1120,770,0,35.49,35.01,0,0,0
2:58:40,0,27.344,-327.265,950.563,-28.426,280,70,-70,35.5,35.02,0,0,0
2:59:40,0,27.344,-272.121,967.46,34.587,-70,-210,140,35.5,35.03,0,0,0
3:00:40,0,25.391,-271.572,964.349,23.668,70,-560,70,35.53,35.04,0,0,0
3:01:40,0,27.344,-277.062,967.399,20.13,-210,560,-140,35.55,35.04,0,0,0
3:02:40,0,25.391,-274.073,968.07,24.156,350,350,-350,35.52,35.03,0,0,0
3:03:40,0,31.25,-275.293,964.166,23.485,140,-420,70,35.5,35.01,0,0,0
3:04:40,0,33.203,-272.304,964.044,25.437,350,980,-210,35.49,34.99,0,0,0
3:05:40,0,35.156,-282.064,961.36,24.644,-70,420,70,35.46,34.96,0,0,0
3:06:40,0,35.156,-275.964,967.582,21.96,210,-1190,350,35.46,34.92,0,0,0
3:07:40,0,35.156,-276.879,964.471,26.84,280,-350,0,35.47,34.89,0,0,0
3:08:40,0,39.063,-270.718,960.628,21.411,-630,-3920,1540,35.43,34.86,0,0,0
3:09:40,0,41.016,-275.964,962.702,21.289,210,-280,-70,35.42,34.84,0,0,0
3:10:40,0,41.016,-279.99,967.277,21.228,420,-420,-70,35.38,34.81,0,0,0
3:11:40,0,42.969,-278.892,967.765,26.657,350,-420,140,35.34,34.79,0,0,0
3:12:40,0,41.016,-275.415,963.19,26.657,70,-840,280,35.33,34.76,0,0,0
3:13:40,0,42.969,-278.953,965.508,27.206,70,-630,210,35.32,34.74,0,0,0
3:14:40,0,44.922,-275.171,965.264,23.668,210,-490,280,35.32,34.72,0,0,0
3:15:40,0,44.922,-276.208,967.277,24.949,560,840,-350,35.3,34.71,0,0,0
3:16:40,0,44.922,-271.023,971.547,33.062,420,-560,-210,35.28,34.68,0,0,0
3:17:40,0,46.875,-280.6,967.948,26.413,-140,-560,140,35.27,34.66,0,0,0
3:18:40,0,44.922,-276.33,961.787,25.193,70,420,-140,35.23,34.64,0,0,0
3:19:40,0,44.922,-275.171,970.449,22.875,350,-350,70,35.27,34.63,0,0,0
3:20:40,0,48.828,-270.474,963.312,26.169,420,700,-210,35.25,34.62,0,0,0
3:21:40,0,48.828,-273.036,962.641,27.328,0,-210,0,35.22,34.61,0,0,0
3:22:40,0,48.828,-270.474,967.399,28.182,70,-280,140,35.24,34.6,0,0,0
3:23:40,0,46.875,-268.522,965.508,24.888,70,490,-70,35.23,34.59,0,0,0
3:24:40,0,46.875,-269.559,966.667,28.67,-140,-910,210,35.22,34.58,0,0,0
3:25:40,0,48.828,-263.154,969.229,29.463,0,-700,70,35.18,34.57,0,0,0
3:26:40,0,48.828,-271.206,963.007,33.916,350,280,-210,35.17,34.56,0,0,0
3:27:40,0,44.922,-271.389,967.46,23.912,-140,770,-70,35.18,34.55,0,0,0
3:28:40,0,48.828,-270.474,968.314,28.548,630,350,-140,35.17,34.53,0,0,0
3:29:40,0,48.828,-265.472,965.447,41.48,210,0,0,35.16,34.53,0,0,0
3:30:40,0,46.875,-250.161,971.242,-1.342,210,-210,70,35.13,34.53,0,0,0
3:31:40,0,50.781,-188.978,981.124,104.31,-2170,490,910,35.13,34.52,0,0,0
3:32:40,0,50.781,-170.678,983.93,107.665,1400,420,-350,35.11,34.48,0,0,0
3:33:40,0,54.688,-216.367,950.319,231.007,490,-13790,-13020,35.1,34.46,0,0,0
3:34:40,0,54.688,-174.887,969.717,196.481,280,140,-280,35.07,34.43,0,0,0
3:35:40,0,54.688,-173.301,966.484,185.013,-420,-630,280,35.06,34.41,0,0,0
3:36:40,0,56.641,-170.617,969.534,191.357,1120,280,-490,35.06,34.38,0,0,0
3:37:40,0,58.594,-172.996,971.242,185.196,-210,-140,210,35.05,34.36,0,0,0
3:38:40,0,58.594,-173.606,969.778,179.34,-980,-70,420,35.03,34.34,0,0,0
3:39:40,0,58.594,-175.07,972.523,175.436,0,-350,0,35,34.32,0,0,0
3:40:40,0,60.547,-170.007,972.95,184.098,-350,-70,-210,34.99,34.29,0,0,0
3:41:40,0,62.5,-168.543,976.61,178.12,350,-140,-140,34.99,34.28,0,0,0
3:42:40,0,62.5,-56.059,949.16,314.272,-280,-6440,210,34.96,34.26,0,0,0
3:43:40,0,62.5,-17.934,924.821,386.069,1050,-70,-140,34.95,34.23,0,0,0
3:44:40,0,64.453,-20.618,927.749,384.422,1120,350,-280,34.95,34.23,0,0,0
3:45:40,0,62.5,-10.858,918.599,398.818,-70,-350,140,34.97,34.23,0,0,0
3:46:40,0,60.547,-12.322,926.285,397.171,-630,-350,280,34.94,34.23,0,0,0
3:47:40,0,60.547,0.549,916.891,406.809,350,-350,70,34.94,34.23,0,0,0
3:48:40,0,58.594,-12.017,931.653,384.3,-420,-420,210,34.96,34.25,0,0,0
3:49:40,0,60.547,6.1,916.403,406.382,490,-560,70,34.97,34.26,0,0,0
3:50:40,0,58.594,3.721,913.475,413.58,70,-70,70,34.98,34.28,0,0,0
3:51:40,0,56.641,-7.076,926.041,386.923,980,0,-210,34.98,34.29,0,0,0
3:52:40,0,56.641,3.904,914.939,410.164,140,-210,0,34.99,34.31,0,0,0
3:53:40,0,54.688,6.71,913.902,419.07,140,-140,70,34.98,34.31,0,0,0
3:54:40,0,52.734,1.769,919.331,398.757,1400,140,-140,35,34.32,0,0,0
3:55:40,0,54.688,18.727,909.388,412.299,420,280,-280,35,34.32,0,0,0
3:56:40,0,54.688,6.71,915.122,408.7,-1190,-700,490,35,34.33,0,0,0
3:57:40,0,54.688,2.989,921.893,400.343,-910,-700,-70,34.99,34.34,0,0,0
3:58:40,0,54.688,2.013,921.527,404.43,770,70,-210,35.01,34.34,0,0,0
3:59:40,0,52.734,9.638,911.401,420.168,350,-70,70,35.03,34.35,0,0,0
4:00:40,0,52.734,-39.833,909.571,454.816,70,1750,700,35.02,34.36,0,0,0
4:01:40,0,52.734,5.307,888.831,456.158,-210,-350,-70,35.03,34.36,0,0,0
4:02:40,0,54.688,13.664,880.535,470.92,0,-210,0,35.03,34.35,0,0,0
4:03:40,0,52.734,-25.01,892.247,466.772,1540,630,0,35.02,34.35,0,0,0
4:04:40,0,52.734,10.187,868.945,501.481,1680,1260,-770,35.02,34.35,0,0,0
4:05:40,0,52.734,-0.183,883.89,479.216,-140,-420,0,35.02,34.35,0,0,0
4:06:40,0,56.641,-2.806,881.755,476.654,-350,-350,0,35.02,34.35,0,0,0
4:07:40,0,54.688,-6.954,881.389,480.619,700,-140,-70,35.01,34.35,0,0,0
4:08:40,0,52.734,2.074,878.888,485.499,-350,-210,210,35.02,34.35,0,0,0
4:09:40,0,54.688,3.05,870.043,498.004,1610,210,-840,35.02,34.35,0,0,0
4:10:40,0,50.781,-1.586,885.354,481.534,-770,350,140,35.02,34.36,0,0,0
4:11:40,0,50.781,-2.013,881.694,480.741,-140,-420,0,35.02,34.36,0,0,0
4:12:40,0,52.734,47.702,427.305,906.094,-1330,560,0,35.02,34.37,0,0,0
4:13:40,0,52.734,66.307,427.244,899.079,1610,-2660,700,35.04,34.37,0,0,0
4:14:40,0,50.781,79.3,431.453,899.445,420,-700,0,35.06,34.37,0,0,0
4:15:40,0,56.641,87.23,438.834,901.519,770,-1050,280,35.05,34.37,0,0,0
4:16:40,0,54.688,113.582,452.803,885.72,2100,1470,-770,35.03,34.36,0,0,0
4:17:40,0,56.641,108.702,445.605,890.6,280,-1260,140,35.04,34.36,0,0,0
4:18:40,0,56.641,82.289,457.439,889.502,210,70,0,35.07,34.37,0,0,0
4:19:40,0,56.641,99.735,454.084,893.65,-70,-490,140,35.1,34.37,0,0,0
4:20:40,0,56.641,109.678,461.526,881.389,-70,-280,0,35.08,34.36,0,0,0
4:21:40,0,60.547,117.181,450.851,882.304,350,-70,140,35.05,34.33,0,0,0
4:22:40,0,68.359,128.954,450.302,884.195,-140,-1330,350,35.02,34.28,0,0,0
4:23:40,0,74.219,227.713,315.248,904.996,-37240,-17570,17780,35,34.22,0,0,0
4:24:40,0,80.078,198.433,342.332,919.636,-700,-210,0,34.97,34.13,0,0,0
4:25:40,0,82.031,202.337,322.263,926.407,-70,210,70,34.95,34.06,0,0,0
4:26:40,0,87.891,200.934,339.77,919.331,-140,140,140,34.92,33.98,0,0,0
4:27:40,0,89.844,207.095,322.568,924.943,1750,210,-700,34.89,33.92,0,0,0
4:28:40,0,95.703,197.152,339.16,923.357,-980,560,140,34.81,33.85,0,0,0
4:29:40,0,97.656,201.727,343.552,918.111,70,-420,-70,34.75,33.79,0,0,0
4:30:40,0,97.656,202.52,344.528,918.965,210,350,-140,34.71,33.72,0,0,0
4:31:40,0,103.516,203.801,346.358,919.27,-210,-420,-70,34.68,33.67,0,0,0
4:32:40,0,103.516,196.542,328.668,922.869,70,70,70,34.65,33.6,0,0,0
4:33:40,0,105.469,209.352,332.45,929.64,2380,420,-980,34.6,33.55,0,0,0
4:34:40,0,105.469,205.631,348.676,918.233,420,-280,-70,34.55,33.5,0,0,0
4:35:40,0,109.375,204.777,349.652,919.819,910,-210,-280,34.54,33.47,0,0,0
4:36:40,0,109.375,201.727,348.371,918.843,-70,0,-140,34.51,33.43,0,0,0
4:37:40,0,109.375,199.165,346.907,922.442,210,0,70,34.48,33.4,0,0,0
4:38:40,0,111.328,229.177,378.322,899.323,280,-70,-70,34.43,33.35,0,0,0
4:39:40,0,113.281,232.654,387.472,894.87,700,-630,420,34.42,33.32,0,0,0
4:40:40,0,107.422,166.286,369.294,921.405,490,420,-420,34.4,33.32,0,0,0
4:41:40,0,105.469,178.669,362.767,920.673,980,840,-560,34.39,33.35,0,0,0
4:42:40,0,97.656,181.353,354.41,918.965,-70,-280,140,34.41,33.4,0,0,0
4:43:40,0,97.656,182.085,358.314,914.146,70,-70,140,34.41,33.43,0,0,0
4:44:40,0,95.703,185.196,359.778,917.562,-70,-630,350,34.41,33.46,0,0,0
4:45:40,0,93.75,177.876,363.011,915.427,-3220,-1400,1050,34.41,33.48,0,0,0
4:46:40,0,91.797,195.261,360.083,921.1,280,-210,0,34.44,33.51,0,0,0
4:47:40,0,91.797,224.419,368.989,910.547,140,-140,0,34.46,33.53,0,0,0
4:48:40,0,89.844,198.555,376.126,903.593,-350,-280,140,34.48,33.55,0,0,0
4:49:40,0,91.797,194.163,375.15,908.9,-280,-1050,560,34.5,33.57,0,0,0
4:50:40,0,89.844,215.33,379.481,901.092,140,-140,140,34.5,33.59,0,0,0
4:51:40,0,89.844,196.42,368.806,910.242,490,-560,210,34.49,33.6,0,0,0
4:52:40,0,87.891,213.317,362.462,908.473,-1050,-210,210,34.48,33.62,0,0,0
4:53:40,0,97.656,157.868,326.777,927.383,140,280,0,34.53,33.65,0,0,0
4:54:40,0,89.844,158.783,327.021,932.08,210,-70,0,34.58,33.71,0,0,0
4:55:40,0,72.266,168.787,329.705,930.677,840,0,-70,34.62,33.83,0,0,0
4:56:40,0,54.688,228.506,376.919,904.386,560,350,-210,34.71,34.02,0,0,0
4:57:40,0,46.875,237.839,384.178,897.554,-770,70,-140,34.79,34.15,0,0,0
4:58:40,0,46.875,235.094,377.163,904.813,0,-280,140,34.89,34.23,0,0,0
4:59:40,0,50.781,231.617,393.023,897.005,910,210,-350,34.92,34.26,0,0,0
5:00:40,0,54.688,236.436,382.592,898.225,1960,700,-770,34.92,34.26,0,0,0
5:01:40,0,60.547,240.035,387.533,899.079,1190,490,-490,34.94,34.26,0,0,0
5:02:40,0,58.594,243.085,379.969,897.859,280,-420,0,34.93,34.25,0,0,0
5:03:40,0,62.5,240.645,378.444,894.382,1050,-490,210,34.93,34.24,0,0,0
5:04:40,0,62.5,233.447,397.781,886.879,560,-350,-210,34.95,34.23,0,0,0
5:05:40,0,62.5,241.316,380.03,895.297,-210,560,-70,34.95,34.23,0,0,0
5:06:40,0,62.5,246.928,384.056,899.994,1120,980,-490,34.94,34.23,0,0,0
5:07:40,0,62.5,245.22,387.411,891.454,1400,350,-140,34.94,34.23,0,0,0
5:08:40,0,62.5,241.499,379.176,894.199,140,-560,280,34.94,34.23,0,0,0
5:09:40,0,60.547,247.599,387.106,895.297,840,-630,-70,34.93,34.23,0,0,0
5:10:40,0,62.5,239.669,382.409,897.981,1890,630,-700,34.91,34.22,0,0,0
5:11:40,0,62.5,240.767,386.191,899.201,2240,910,-490,34.92,34.22,0,0,0
5:12:40,0,62.5,238.51,381.86,893.406,-700,-700,700,34.93,34.23,0,0,0
5:13:40,0,60.547,244.671,374.174,899.323,350,140,-210,34.92,34.23,0,0,0
5:14:40,0,62.5,242.902,388.57,898.53,1260,630,-490,34.95,34.23,0,0,0
5:15:40,0,60.547,244.915,377.407,899.262,0,-140,70,34.95,34.23,0,0,0
5:16:40,0,62.5,250.527,382.653,893.589,1120,-350,70,34.92,34.23,0,0,0
5:17:40,0,62.5,243.878,371.795,893.589,1050,-910,490,34.92,34.23,0,0,0
5:18:40,0,62.5,245.22,387.533,895.297,1680,490,-560,34.91,34.24,0,0,0
5:19:40,0,60.547,245.647,375.272,898.957,-70,-1050,280,34.89,34.24,0,0,0
5:20:40,0,62.5,251.564,385.276,893.223,1330,140,-420,34.88,34.24,0,0,0
5:21:40,0,60.547,247.355,377.102,900.543,-140,-350,140,34.9,34.24,0,0,0
5:22:40,0,62.5,249.246,378.871,895.968,840,0,-210,34.91,34.24,0,0,0
5:23:40,0,60.547,249.978,372.466,900.238,-210,70,-140,34.9,34.24,0,0,0
5:24:40,0,62.5,245.159,375.15,897.249,280,0,0,34.91,34.24,0,0,0
5:25:40,0,60.547,240.462,375.76,901.031,-420,-840,280,34.93,34.24,0,0,0
5:26:40,0,60.547,245.159,372.1,902.8,-140,0,70,34.9,34.23,0,0,0
5:27:40,0,58.594,241.377,373.991,894.321,910,630,-70,34.9,34.23,0,0,0
5:28:40,0,58.594,245.22,379.908,897.615,1540,560,-420,34.92,34.24,0,0,0
5:29:40,0,60.547,247.05,381.372,895.785,350,-350,-70,34.92,34.24,0,0,0
5:30:40,0,58.594,240.828,369.294,894.992,-70,-560,70,34.9,34.24,0,0,0
5:31:40,0,62.5,252.296,376.187,893.162,-70,-560,70,34.9,34.24,0,0,0
5:32:40,0,60.547,252.662,375.272,899.628,280,-420,70,34.91,34.24,0,0,0
5:33:40,0,58.594,238.998,401.136,899.689,910,280,-280,34.93,34.24,0,0,0
5:34:40,0,60.547,234.118,391.437,891.088,-1610,-700,-70,34.94,34.23,0,0,0
5:35:40,0,62.5,234.85,379.603,900.421,490,350,70,34.92,34.23,0,0,0
5:36:40,0,58.594,235.094,382.287,904.264,0,-490,280,34.92,34.23,0,0,0
5:37:40,0,60.547,234.545,376.614,896.151,210,-490,-70,34.93,34.23,0,0,0
5:38:40,0,60.547,224.48,393.328,897.249,630,-70,-70,34.93,34.24,0,0,0
5:39:40,0,58.594,219.234,391.193,898.652,910,420,-350,34.96,34.25,0,0,0
5:40:40,0,60.547,224.297,386.801,903.166,1330,700,-420,34.97,34.25,0,0,0
5:41:40,0,66.406,214.964,397.537,897.798,-560,-490,-140,34.94,34.23,0,0,0
5:42:40,0,70.313,224.114,382.226,900.116,2660,1330,-1120,34.94,34.21,0,0,0
5:43:40,0,74.219,216.55,396.439,898.347,1400,910,-420,34.94,34.19,0,0,0
5:44:40,0,76.172,210.633,399.428,898.225,840,630,-560,34.94,34.15,0,0,0
5:45:40,0,76.172,210.511,395.219,895.114,1330,630,-420,34.91,34.13,0,0,0
5:46:40,0,82.031,245.586,372.283,908.839,280,70,0,34.89,34.1,0,0,0
5:47:40,0,83.984,217.282,396.805,894.138,-350,280,70,34.87,34.08,0,0,0
5:48:40,0,83.984,351.787,403.759,809.714,2730,-7000,5390,34.88,34.05,0,0,0
5:49:40,0,83.984,227.042,297.436,937.082,2100,840,-490,34.89,34.04,0,0,0
5:50:40,0,82.031,240.34,315.248,921.039,2170,1610,-770,34.85,34.03,0,0,0
5:51:40,0,83.984,239.242,298.534,923.601,210,-560,210,34.85,34.01,0,0,0
5:52:40,0,87.891,239.181,300.913,923.052,210,-350,140,34.85,33.99,0,0,0
5:53:40,0,89.844,240.95,299.693,931.104,0,-420,280,34.84,33.96,0,0,0
5:54:40,0,89.844,237.534,295.728,921.222,-350,-210,0,34.81,33.93,0,0,0
5:55:40,0,89.844,235.338,312.686,918.599,1610,1260,-490,34.81,33.92,0,0,0
5:56:40,0,89.844,232.471,327.753,920.185,560,210,-420,34.78,33.89,0,0,0
5:57:40,0,91.797,243.634,301.401,932.324,420,-490,0,34.74,33.87,0,0,0
5:58:40,0,93.75,242.78,299.571,923.052,-210,-490,280,34.72,33.85,0,0,0
5:59:40,0,93.75,234.972,315.187,919.697,1540,210,-420,34.7,33.83,0,0,0
6:00:40,0,93.75,235.155,332.45,919.392,700,-140,-140,34.69,33.81,0,0,0
6:01:40,0,93.75,236.009,311.161,930.067,-700,-280,210,34.69,33.8,0,0,0
6:02:40,0,93.75,239.913,316.895,942.877,-1330,140,210,34.7,33.79,0,0,0
6:03:40,0,95.703,251.137,295.179,930.799,280,-770,70,34.7,33.78,0,0,0
6:04:40,0,95.703,245.769,304.512,926.773,-140,-140,350,34.68,33.76,0,0,0
6:05:40,0,97.656,244.366,304.512,932.08,-210,420,-70,34.68,33.75,0,0,0
6:06:40,0,95.703,237.351,311.466,921.466,-560,-560,280,34.68,33.74,0,0,0
6:07:40,0,97.656,240.218,316.895,923.052,-1190,0,210,34.66,33.73,0,0,0
6:08:40,0,95.703,237.351,329.339,916.647,770,490,-70,34.65,33.72,0,0,0
6:09:40,0,95.703,236.07,329.888,916.464,490,70,0,34.64,33.72,0,0,0
6:10:40,0,97.656,207.278,400.892,894.626,-840,-350,0,34.64,33.72,0,0,0
6:11:40,0,95.703,231.251,382.592,901.214,1750,1050,-560,34.64,33.72,0,0,0
6:12:40,0,91.797,223.138,383.873,905.972,-1540,-420,70,34.65,33.75,0,0,0
6:13:40,0,85.938,234.179,382.592,901.031,-140,280,70,34.68,33.79,0,0,0
6:14:40,0,82.031,221.308,408.761,892.186,1470,210,-140,34.69,33.84,0,0,0
6:15:40,0,78.125,242.658,378.383,898.591,630,140,-70,34.7,33.89,0,0,0
6:16:40,0,78.125,227.652,399.123,888.831,1260,910,-420,34.73,33.95,0,0,0
6:17:40,0,74.219,214.964,404.003,893.04,-770,-1190,210,34.77,34,0,0,0
6:18:40,0,70.313,225.883,401.014,889.746,1260,1120,-630,34.83,34.05,0,0,0
6:19:40,0,70.313,237.778,367.708,905.362,560,-210,70,34.85,34.08,0,0,0
6:20:40,0,70.313,249.795,372.649,906.094,630,210,-350,34.88,34.12,0,0,0
6:21:40,0,68.359,239.608,377.285,899.567,-1890,-1050,560,34.91,34.15,0,0,0
6:22:40,0,68.359,230.092,377.712,895.175,140,-980,280,34.9,34.17,0,0,0
6:23:40,0,70.313,236.436,412.543,876.082,770,-140,0,34.91,34.19,0,0,0
6:24:40,0,68.359,220.942,429.257,871.873,-350,1050,-210,34.94,34.2,0,0,0
6:25:40,0,74.219,226.188,427.061,877.851,-280,-980,350,34.95,34.18,0,0,0
6:26:40,0,74.219,227.225,434.747,873.642,-140,70,-140,34.96,34.16,0,0,0
6:27:40,0,76.172,254.248,370.758,896.334,-70,140,0,34.96,34.14,0,0,0
6:28:40,0,82.031,283.65,356.24,894.931,700,-350,-140,34.95,34.12,0,0,0
6:29:40,0,78.125,290.116,360.266,891.82,1750,210,-490,34.92,34.1,0,0,0
6:30:40,0,80.078,274.683,337.635,901.641,210,-70,-140,34.89,34.1,0,0,0
6:31:40,0,80.078,284.321,355.508,894.077,-630,-210,280,34.93,34.1,0,0,0
6:32:40,0,82.031,283.65,357.155,896.7,-980,0,0,34.93,34.09,0,0,0
6:33:40,0,85.938,296.765,349.103,895.724,140,-420,70,34.91,34.08,0,0,0
6:34:40,0,89.844,300.547,359.717,888.404,2520,140,-630,34.95,34.08,0,0,0
6:35:40,0,89.844,303.109,364.963,886.452,1400,-70,-490,34.95,34.06,0,0,0
6:36:40,0,91.797,281.515,352.092,897.554,140,-210,280,34.93,34.04,0,0,0
6:37:40,0,91.797,292.8,349.347,894.199,140,-70,0,34.9,34.03,0,0,0
6:38:40,0,89.844,290.787,364.353,889.136,210,0,-210,34.88,34.03,0,0,0
6:39:40,0,87.891,287.432,356.24,891.454,-1540,210,280,34.89,34.03,0,0,0
6:40:40,0,83.984,293.166,366.671,885.659,-630,70,70,34.88,34.04,0,0,0
6:41:40,0,83.984,292.129,353.129,891.576,70,-420,70,34.87,34.05,0,0,0
6:42:40,0,83.984,275.11,352.763,894.138,-1190,-910,420,34.9,34.08,0,0,0
6:43:40,0,80.078,249.795,333.06,912.316,-140,0,-70,34.89,34.09,0,0,0
6:44:40,0,83.984,247.599,335.439,913.292,-350,-280,70,34.91,34.09,0,0,0
6:45:40,0,89.844,139.324,350.994,938.058,420,280,-210,34.92,34.06,0,0,0
6:46:40,0,93.75,140.239,358.009,918.721,-560,0,-70,34.92,34.03,0,0,0
6:47:40,0,87.891,145.546,356.545,925.004,210,-140,-70,34.91,34.03,0,0,0
6:48:40,0,82.031,140.849,345.626,928.847,-140,-490,0,34.9,34.06,0,0,0
6:49:40,0,72.266,319.396,306.159,902.678,350,-210,0,34.89,34.1,0,0,0
6:50:40,0,70.313,328.18,307.013,901.824,70,-140,0,34.9,34.13,0,0,0
6:51:40,0,74.219,328.058,310.673,898.103,-350,700,140,34.9,34.15,0,0,0
6:52:40,0,72.266,324.703,306.708,900.299,210,-140,-210,34.91,34.13,0,0,0
6:53:40,0,78.125,324.764,335.683,894.992,-2240,630,1470,34.9,34.1,0,0,0
6:54:40,0,80.078,270.657,323.971,911.706,350,-280,0,34.87,34.05,0,0,0
6:55:40,0,82.031,260.165,339.404,913.414,1610,770,-630,34.85,34.02,0,0,0
6:56:40,0,85.938,268.095,317.383,910.547,420,0,210,34.84,33.98,0,0,0
6:57:40,0,85.938,269.132,316.102,915.488,70,-210,0,34.85,33.95,0,0,0
6:58:40,0,87.891,267.546,316.529,913.414,140,-350,140,34.84,33.93,0,0,0
6:59:40,0,87.891,277.489,337.879,905.545,980,-140,-140,34.8,33.91,0,0,0
7:00:40,0,87.891,356.85,276.391,896.334,1470,490,-980,34.79,33.9,0,0,0
7:01:40,0,87.891,356.545,283.528,896.273,-1050,-350,420,34.81,33.9,0,0,0
7:02:40,0,83.984,373.137,276.879,890.051,-560,-210,280,34.8,33.91,0,0,0
7:03:40,0,83.984,387.472,270.108,889.99,-630,-1120,420,34.8,33.93,0,0,0
7:04:40,0,82.031,390.034,261.141,890.478,350,-140,-210,34.82,33.95,0,0,0
7:05:40,0,82.031,386.252,268.888,891.82,140,-280,210,34.81,33.98,0,0,0
7:06:40,0,82.031,386.862,263.154,892.308,490,-350,-140,34.87,33.99,0,0,0
7:07:40,0,80.078,362.645,288.286,890.6,-1190,210,210,34.9,34,0,0,0
7:08:40,0,82.031,386.618,266.814,888.099,770,420,-420,34.89,34,0,0,0
7:09:40,0,78.125,-331.352,-706.38,603.351,630,350,140,34.88,34.01,0,0,0
7:10:40,0,78.125,-323.91,-721.02,598.288,140,-420,70,34.89,34.02,0,0,0
7:11:40,0,78.125,-325.618,-713.883,605.303,70,-490,70,34.87,34.01,0,0,0
7:12:40,0,76.172,-320.067,-724.619,601.216,700,210,-210,34.83,34,0,0,0
7:13:40,0,74.219,-320.921,-712.846,602.07,-770,700,70,34.84,34.01,0,0,0
7:14:40,0,74.219,-323.056,-722.057,593.225,-1050,700,140,34.82,34.03,0,0,0
7:15:40,0,70.313,-326.777,-714.371,603.717,-350,0,-280,34.79,34.05,0,0,0
7:16:40,0,68.359,-326.777,-717.665,596.336,-490,210,-140,34.82,34.07,0,0,0
7:17:40,0,68.359,-329.766,-713.761,605.303,-350,0,-420,34.86,34.1,0,0,0
7:18:40,0,66.406,-396.866,-802.76,422.486,-560,-2660,4620,34.84,34.12,0,0,0
7:19:40,0,62.5,-286.639,-763.72,572.058,490,-280,-140,34.86,34.14,0,0,0
7:20:40,0,66.406,-310.917,-727.669,588.894,770,770,-140,34.89,34.16,0,0,0
7:21:40,0,68.359,-283.162,-745.786,592.615,1330,-280,0,34.88,34.15,0,0,0
7:22:40,0,74.219,-282.491,-747.006,584.624,420,140,0,34.88,34.12,0,0,0
7:23:40,0,78.125,-322.08,-721.447,600.423,1120,350,-70,34.89,34.09,0,0,0
7:24:40,0,82.031,-319.884,-711.321,610.976,-770,280,-350,34.84,34.05,0,0,0
7:25:40,0,82.031,-311.161,-701.683,618.845,770,-70,-140,34.85,34.03,0,0,0
7:26:40,0,80.078,-305.305,-690.154,637.389,-560,-910,70,34.89,34.04,0,0,0
7:27:40,0,76.172,-290.116,-737.673,585.966,980,-700,210,34.88,34.06,0,0,0
7:28:40,0,74.219,-237.961,-713.578,632.57,1400,490,490,34.89,34.1,0,0,0
7:29:40,0,74.219,-219.295,-721.935,637.267,-140,-490,-70,34.93,34.13,0,0,0
7:30:40,0,74.219,-478.667,-794.159,355.996,210,-490,140,34.96,34.14,0,0,0
7:31:40,0,76.172,-471.469,-798.978,352.885,-910,980,-140,34.95,34.13,0,0,0
7:32:40,0,78.125,-466.467,-797.026,356.301,490,0,-210,34.92,34.09,0,0,0
7:33:40,0,80.078,-468.907,-796.05,355.447,-280,560,-70,34.89,34.05,0,0,0
7:34:40,0,82.031,-469.883,-796.843,362.096,0,350,-70,34.89,34.02,0,0,0
7:35:40,0,85.938,-461.892,-797.148,363.255,140,-490,280,34.89,33.99,0,0,0
7:36:40,0,87.891,-464.271,-792.878,374.357,560,-1190,280,34.87,33.95,0,0,0
7:37:40,0,87.891,-466.833,-801.357,357.948,70,210,70,34.86,33.93,0,0,0
7:38:40,0,89.844,-460.794,-799.405,370.575,70,140,140,34.86,33.9,0,0,0
7:39:40,0,89.844,-459.452,-795.867,366.671,-140,-350,-70,34.83,33.88,0,0,0
7:40:40,0,91.797,-464.637,-803.919,348.981,700,280,0,34.81,33.85,0,0,0
7:41:40,0,93.75,-464.576,-802.211,351.909,-350,700,-210,34.84,33.84,0,0,0
7:42:40,0,95.703,-458.354,-795.013,369.172,910,-700,70,34.84,33.82,0,0,0
7:43:40,0,93.75,-462.502,-796.294,370.575,-140,140,210,34.8,33.8,0,0,0
7:44:40,0,97.656,-451.705,-798.978,364.475,-140,-70,210,34.81,33.8,0,0,0
7:45:40,0,95.703,-459.33,-805.261,352.885,-700,840,-140,34.81,33.79,0,0,0
7:46:40,0,95.703,-310.185,-803.858,489.525,630,-560,-140,34.8,33.78,0,0,0
7:47:40,0,99.609,-317.383,-820.206,457.073,1260,280,-210,34.8,33.77,0,0,0
7:48:40,0,101.563,-297.619,-779.641,527.528,-280,-70,210,34.79,33.76,0,0,0
7:49:40,0,101.563,-988.81,-161.345,-47.214,1610,-7770,-1400,34.77,33.75,0,0,0
7:50:40,0,107.422,-981.978,-148.779,30.317,-9170,6370,-4970,34.81,33.74,0,0,0
7:51:40,0,107.422,-1019.188,-195.017,-19.276,-5040,-5740,3430,34.79,33.71,0,0,0
7:52:40,0,113.281,-891.454,-235.948,-138.714,-24570,-47320,6860,34.75,33.66,0,0,0
7:53:40,0,117.188,-979.172,-220.698,-4.758,-3920,280,2940,34.78,33.61,0,0,0
7:54:40,0,121.094,-960.811,-268.583,-22.448,-140,490,-70,34.74,33.54,0,0,0
7:55:40,0,126.953,-757.986,-129.869,-709.247,-1120,2800,-140,34.67,33.47,0,0,0
7:56:40,0,132.813,-775.249,-227.042,-336.598,4130,-16520,-3220,34.64,33.38,0,0,0
7:57:40,0,142.578,-869.921,-55.083,309.636,-34860,-6370,-4200,34.61,33.3,0,0,0
7:58:40,0,146.484,-1072.624,71.736,127.978,-10010,17780,-20650,34.54,33.2,0,0,0
7:59:40,0,158.203,-684.908,-400.099,-525.637,-420,1400,10710,34.52,33.09,0,0,0
8:00:40,0,164.063,-946.598,-191.723,30.683,-2380,-1610,1400,34.46,32.94,0,0,0
8:01:40,0,167.969,-770.125,-128.161,413.641,-25830,-21840,21490,34.39,32.84,0,0,0
8:02:40,0,169.922,-820.633,-161.345,-208.01,-34580,99120,4060,34.3,32.77,0,0,0
8:03:40,0,158.203,-326.289,70.272,-1303.57,8400,-16310,-15820,34.27,32.76,0,0,0
8:04:40,0,158.203,-954.894,-340.319,1.098,2590,1330,-1120,34.29,32.79,0,0,0
8:05:40,0,150.391,-969.229,-269.498,-21.594,420,-1470,-210,34.31,32.84,0,0,0
8:06:40,0,152.344,-941.84,-239.852,167.018,4900,3850,-4270,34.33,32.91,0,0,0
8:07:40,0,150.391,-847.656,-78.446,358.985,-32270,1960,6790,34.39,32.97,0,0,0
8:08:40,0,144.531,-973.072,-138.836,215.208,25340,6160,-11130,34.43,33.04,0,0,0
8:09:40,0,136.719,-703.696,-331.901,-588.833,8330,-3920,2380,34.47,33.09,0,0,0
8:10:40,0,134.766,-971.12,-188.124,279.868,34020,-6650,-6230,34.5,33.14,0,0,0
8:11:40,0,134.766,-973.255,-216.672,95.526,-2100,3500,-140,34.51,33.19,0,0,0
8:12:40,0,140.625,-843.874,-159.393,516.121,70,-350,210,34.52,33.22,0,0,0
8:13:40,0,142.578,-831.491,-181.597,531.066,-560,-4760,-210,34.57,33.25,0,0,0
8:14:40,0,138.672,-825.574,-192.76,537.837,-1050,-770,-1190,34.63,33.3,0,0,0
8:15:40,0,142.578,-860.039,-122.244,503.982,140,490,-70,34.65,33.33,0,0,0
8:16:40,0,134.766,-850.95,-167.994,504.409,770,1050,-70,34.67,33.37,0,0,0
8:17:40,0,132.813,-847.107,-175.741,505.934,-280,140,-70,34.67,33.4,0,0,0
8:18:40,0,128.906,-842.227,-174.643,499.529,-490,-490,-490,34.69,33.44,0,0,0
8:19:40,0,126.953,-871.385,-238.388,447.313,-1750,-140,280,34.7,33.47,0,0,0
8:20:40,0,123.047,-843.691,-213.683,481.107,0,-210,-140,34.71,33.5,0,0,0
8:21:40,0,128.906,-851.133,-132.553,511.668,560,770,-490,34.71,33.51,0,0,0
8:22:40,0,121.094,-939.766,-94.306,344.772,-62230,-4550,29260,34.73,33.53,0,0,0
8:23:40,0,93.75,-485.255,-573.766,-755.241,-2450,4200,-3920,34.64,33.55,0,0,0
8:24:40,0,113.281,-678.137,-459.452,-631.899,-4900,-3220,5250,34.65,33.57,0,0,0
8:25:40,0,113.281,-953.003,-284.931,134.993,-3780,840,1400,34.75,33.6,0,0,0
8:26:40,0,121.094,-1088.24,38.674,304.024,-5040,-6790,-15680,34.74,33.62,0,0,0
8:27:40,0,121.094,-898.347,-193.736,399.733,1050,-420,-210,34.77,33.62,0,0,0
8:28:40,0,125,-690.764,-135.603,211.06,-12320,10290,-1470,34.78,33.59,0,0,0
8:29:40,0,130.859,-758.657,-95.648,257.725,-11060,10710,140,34.76,33.54,0,0,0
8:30:40,0,136.719,-761.158,11.346,309.636,280,5040,-4970,34.7,33.45,0,0,0
8:31:40,0,144.531,-785.436,-11.224,330.62,-3010,10850,-8400,34.68,33.38,0,0,0
8:32:40,0,146.484,-877.546,-183.549,306.952,1820,-1050,490,34.65,33.31,0,0,0
8:33:40,0,152.344,-984.54,-132.065,294.813,53130,3220,-18270,34.58,33.24,0,0,0
8:34:40,0,156.25,-822.585,-332.999,421.266,-2170,-1960,1330,34.52,33.14,0,0,0
8:35:40,0,158.203,-815.997,-318.725,438.102,-1050,-1540,-910,34.52,33.09,0,0,0
8:36:40,0,154.297,-770.369,-283.406,524.234,7280,-770,-1190,34.52,33.11,0,0,0
8:37:40,0,150.391,-806.237,-252.54,580.781,1820,1610,-140,34.55,33.15,0,0,0
8:38:40,0,142.578,-798.551,-247.477,539.423,700,-490,0,34.56,33.21,0,0,0
8:39:40,0,138.672,-826.245,-258.457,573.217,3710,2240,-2800,34.57,33.26,0,0,0
8:40:40,0,136.719,-803.248,-259.494,550.952,0,210,-770,34.61,33.32,0,0,0
8:41:40,0,130.859,-769.576,-182.146,568.825,-3220,2380,-700,34.64,33.38,0,0,0
8:42:40,0,126.953,-771.04,-370.575,520.635,-70,-490,-350,34.69,33.45,0,0,0
8:43:40,0,123.047,-825.757,-137.006,543.815,3080,-280,2730,34.73,33.5,0,0,0
8:44:40,0,121.094,-862.723,-276.391,478.545,-5320,2450,280,34.76,33.56,0,0,0
8:45:40,0,117.188,-813.74,-215.513,615.246,1750,1960,-1400,34.79,33.62,0,0,0
8:46:40,0,115.234,-806.176,-244.183,534.36,-980,-490,70,34.83,33.67,0,0,0
8:47:40,0,119.141,-821.67,-315.98,638.365,700,5040,-2870,34.83,33.71,0,0,0
8:48:40,0,117.188,-803.065,-240.95,545.462,-700,-140,140,34.87,33.75,0,0,0
8:49:40,0,115.234,-850.889,-231.739,515.389,-840,840,-70,34.9,33.76,0,0,0
8:50:40,0,113.281,-774.151,-263.093,460.916,-980,-350,3850,34.92,33.78,0,0,0
8:51:40,0,113.281,-816.912,-324.093,489.525,3010,-3150,1120,34.92,33.78,0,0,0
8:52:40,0,115.234,-840.641,-273.341,493.917,-770,280,-980,34.95,33.78,0,0,0
8:53:40,0,115.234,-764.147,-231.251,431.636,-3290,-2100,4410,34.95,33.78,0,0,0
8:54:40,0,115.234,-887.306,-310.429,462.441,3150,840,210,34.94,33.8,0,0,0
8:55:40,0,113.281,-843.508,-123.159,529.724,140,70,350,34.93,33.82,0,0,0
8:56:40,0,117.188,-783.606,-307.562,494.222,-280,-1400,-350,34.96,33.84,0,0,0
8:57:40,0,121.094,-804.407,-244.61,541.558,-210,-420,-140,34.99,33.85,0,0,0
8:58:40,0,119.141,-805.139,-223.321,566.324,1050,210,350,34.99,33.87,0,0,0
8:59:40,0,121.094,-790.56,-251.747,532.652,10640,-350,-2030,35,33.88,0,0,0
9:00:40,0,121.094,-990.518,-7.015,215.879,-1890,-1050,5040,35.02,33.88,0,0,0
9:01:40,0,125,-824.415,-204.96,292.556,7910,-15960,7280,35.02,33.88,0,0,0
9:02:40,0,126.953,-842.837,-87.169,284.382,27230,6300,-17150,35.04,33.85,0,0,0
9:03:40,0,136.719,-916.586,-53.314,393.45,-1400,1050,-70,35.03,33.79,0,0,0
9:04:40,0,144.531,-924.455,-135.664,372.527,25270,840,-10710,34.99,33.69,0,0,0
9:05:40,0,152.344,-938.119,-69.174,256.383,2030,2310,7980,34.94,33.58,0,0,0
9:06:40,0,160.156,-1015.955,43.188,362.035,-5740,1820,-25130,34.86,33.45,0,0,0
9:07:40,0,193.359,-843.63,-77.897,489.22,1470,2030,910,34.8,33.33,0,0,0
9:08:40,0,197.266,-756.766,-137.616,530.334,-2240,-12810,-490,34.72,33.2,0,0,0
9:09:40,0,212.891,-844.301,-222.406,758.108,-5530,1890,-910,34.67,33.12,0,0,0
9:10:40,0,208.984,-747.189,-49.593,644.282,-1470,2240,1960,34.66,33.05,0,0,0
9:11:40,0,183.594,-891.088,-352.519,186.965,51730,30380,-13230,34.64,33.03,0,0,0
9:12:40,0,183.594,-1075.918,-50.569,166.652,6650,-26670,6230,34.6,32.99,0,0,0
9:13:40,0,189.453,-701.927,-152.439,240.645,28000,13160,7560,34.54,32.93,0,0,0
9:14:40,0,197.266,-742.492,-203.618,181.292,-80150,-25970,2380,34.48,32.84,0,0,0
9:15:40,0,201.172,-929.823,-181.109,413.885,4690,12950,-8890,34.44,32.76,0,0,0
9:16:40,0,205.078,-894.809,-363.438,259.86,62510,17430,-21210,34.4,32.7,0,0,0
9:17:40,0,201.172,-918.843,-364.292,295.057,38360,3850,-11480,34.36,32.69,0,0,0
9:18:40,0,189.453,-831.43,-41.236,284.138,-6720,12530,-9240,34.36,32.71,0,0,0
9:19:40,0,189.453,-1000.339,-249.002,403.332,10920,13230,5040,34.39,32.74,0,0,0
9:20:40,0,187.5,-774.456,-75.457,388.753,-10570,14980,-13230,34.38,32.78,0,0,0
9:21:40,0,183.594,-1027.362,-59.048,528.077,-1330,-4200,-12320,34.38,32.82,0,0,0
9:22:40,0,171.875,-876.814,-511.302,-82.899,7770,10990,3080,34.4,32.89,0,0,0
9:23:40,0,167.969,-991.799,-108.397,-78.019,280,-1400,-420,34.47,32.94,0,0,0
9:24:40,0,162.109,-995.093,-102.175,-107.421,2030,210,-70,34.55,33.02,0,0,0
9:25:40,0,156.25,-998.326,-104.188,-118.767,-210,1260,-350,34.56,33.1,0,0,0
9:26:40,0,150.391,-988.566,-104.615,-116.327,490,-700,-140,34.6,33.19,0,0,0
9:27:40,0,148.438,-992.836,-137.25,-44.652,-1890,2100,-1260,34.67,33.26,0,0,0
9:28:40,0,144.531,-937.936,-126.27,310.978,0,490,-280,34.72,33.35,0,0,0
9:29:40,0,140.625,-947.025,-134.505,331.291,2310,-630,910,34.74,33.41,0,0,0
9:30:40,0,-78.125,14.091,21.655,-999.18,420,-140,-70,32.86,32.7,0,0,0
9:31:40,0,-82.031,12.81,21.472,-997.96,350,-210,0,30.42,31.36,0,0,0
9:32:40,0,-105.469,13.603,23.241,-997.472,420,-280,70,28.8,29.65,0,0,0
9:33:40,0,-253.906,-13.298,-8.967,997.106,420,-140,-70,26.69,28.06,0,0,0
9:34:40,0,-167.969,-17.934,-5.429,1000.766,490,-140,-70,24.85,26.29,0,0,0
9:35:40,0,-128.906,-10.797,-7.869,999.302,420,-210,0,24.71,25.55,0,0,0
9:36:40,0,-101.563,-13.786,-8.479,999.424,350,-140,-70,24.48,25.05,0,0,0
9:37:40,0,-85.938,-14.457,-13.42,1000.034,350,-140,-140,24.34,24.77,0,0,0
9:38:40,0,0,0,0,0,0,0,0,0,0,0,0,0
9:39:40,0,0,0,0,0,0,0,0,0,0,0,0,0
9:40:40,0,0,0,0,0,0,0,0,0,0,0,0,0
9:41:40,0,0,0,0,0,0,0,0,0,0,0,0,0
9:42:40,0,0,0,0,0,0,0,0,0,0,0,0,0
9:43:40,0,0,0,0,0,0,0,0,0,0,0,0,0
9:44:40,0,0,0,0,0,0,0,0,0,0,0,0,0
9:45:40,0,0,0,0,0,0,0,0,0,0,0,0,0
9:46:40,0,0,0,0,0,0,0,0,0,0,0,0,0
9:47:40,0,0,0,0,0,0,0,0,0,0,0,0,0
9:48:40,0,0,0,0,0,0,0,0,0,0,0,0,0
9:49:40,0,0,0,0,0,0,0,0,0,0,0,0,0
9:50:40,0,0,0,0,0,0,0,0,0,0,0,0,0
9:51:40,0,0,0,0,0,0,0,0,0,0,0,0,0
9:52:40,0,0,0,0,0,0,0,0,0,0,0,0,0
9:53:40,0,0,0,0,0,0,0,0,0,0,0,0,0
9:54:40,0,0,0,0,0,0,0,0,0,0,0,0,0
9:55:40,0,0,0,0,0,0,0,0,0,0,0,0,0
9:56:40,0,0,0,0,0,0,0,0,0,0,0,0,0
9:57:40,0,0,0,0,0,0,0,0,0,0,0,0,0
9:58:40,0,0,0,0,0,0,0,0,0,0,0,0,0
9:59:40,0,0,0,0,0,0,0,0,0,0,0,0,0
10:00:40,0,0,0,0,0,0,0,0,0,0,0,0,0
10:01:40,0,0,0,0,0,0,0,0,0,0,0,0,0
